ts,event_id,form_name,ds
1759594621000,4eb4ff9,manufacturingcloud,2025-10-04
1760609536000,029d4f7,datacloud,2025-10-16
1760812012000,a4e1e5f,servicecloud,2025-10-18
1761015682000,e2e9046,datacloud,2025-10-21
1761743012000,a5eb4d3,servicecloud,2025-10-29
1760650269000,0a549b3,servicecloud,2025-10-16
1759294085000,890f0e3,marketingcloud,2025-10-01
1760475959000,c5b752b,tableau,2025-10-14
1759648582000,7ddf7b5,servicecloud,2025-10-05
1759520710000,fed3424,salescloud,2025-10-03
1761464143000,2b2e1c1,healthcloud,2025-10-26
1761612967000,7b676ba,salescloud,2025-10-28
1761475449000,51ed56e,manufacturingcloud,2025-10-26
1760442949000,a3823a1,tableau,2025-10-14
1760277822000,80d5d3b,marketingcloud,2025-10-12
1761197150000,f7b2f87,manufacturingcloud,2025-10-23
1759437883000,a9ab2c9,marketingcloud,2025-10-02
1761128164000,bf0032c,slack,2025-10-22
1760211531000,6b0bdf9,servicecloud,2025-10-11
1760687532000,1017cba,healthcloud,2025-10-17
1760441628000,bdce6c1,manufacturingcloud,2025-10-14
1760413650000,3ac9107,manufacturingcloud,2025-10-14
1759554471000,9b86e3b,datacloud,2025-10-04
1761797459000,6e27d52,servicecloud,2025-10-30
1759873935000,0680ce1,slack,2025-10-07
1760749582000,f20909b,marketingcloud,2025-10-18
1761268859000,c017e64,mulesoft,2025-10-24
1760558713000,c80fb1c,servicecloud,2025-10-15
1759970559000,2304129,servicecloud,2025-10-09
1760453133000,e60e10c,marketingcloud,2025-10-14
1759688179000,9805d8d,marketingcloud,2025-10-05
1761496930000,a8d54c0,datacloud,2025-10-26
1760552058000,c9f9c43,servicecloud,2025-10-15
1761220093000,87c4709,manufacturingcloud,2025-10-23
1761198902000,4b26248,servicecloud,2025-10-23
1761391441000,424a8f7,datacloud,2025-10-25
1760250290000,58ad89c,datacloud,2025-10-12
1761802278000,d5a9fef,salescloud,2025-10-30
1761276173000,10f52cf,marketingcloud,2025-10-24
1760584275000,7b1c59b,salescloud,2025-10-16
1759819324000,82e2a87,slack,2025-10-07
1760459949000,c6fb7b2,tableau,2025-10-14
1760261144000,b6ad208,manufacturingcloud,2025-10-12
1759391013000,4033c99,tableau,2025-10-02
1759565519000,98d9e9a,datacloud,2025-10-04
1761466473000,ae94af7,healthcloud,2025-10-26
1759390032000,6eb0c72,mulesoft,2025-10-02
1760072503000,bde0089,tableau,2025-10-10
1760767514000,6e3e454,manufacturingcloud,2025-10-18
1760950000000,0184f36,tableau,2025-10-20
1760137549000,abf496d,tableau,2025-10-10
1760006201000,9fd101c,tableau,2025-10-09
1761060004000,baddd62,healthcloud,2025-10-21
1759282821000,9136c3c,servicecloud,2025-10-01
1760278645000,81382c2,salescloud,2025-10-12
1759753772000,34cae28,slack,2025-10-06
1759283470000,cc59124,servicecloud,2025-10-01
1760054165000,e6396ba,healthcloud,2025-10-09
1761656887000,0c6f255,tableau,2025-10-28
1761228541000,73b1798,slack,2025-10-23
1759405536000,28f5fd5,salescloud,2025-10-02
1761474487000,6ec32e1,servicecloud,2025-10-26
1759451527000,5bf5be2,salescloud,2025-10-03
1759683924000,8c7ee13,datacloud,2025-10-05
1760063740000,a0f1e95,servicecloud,2025-10-10
1760666187000,f8cbefa,healthcloud,2025-10-17
1761619231000,acecb85,slack,2025-10-28
1760592142000,8cdf4e1,salescloud,2025-10-16
1759964747000,3446d59,datacloud,2025-10-08
1759974695000,0c0dcfb,manufacturingcloud,2025-10-09
1760843234000,999abc3,salescloud,2025-10-19
1761354607000,894fb67,marketingcloud,2025-10-25
1759708946000,e2cbf70,datacloud,2025-10-06
1759460343000,6cd69dd,mulesoft,2025-10-03
1761250581000,e28a049,mulesoft,2025-10-23
1759688187000,446d43f,marketingcloud,2025-10-05
1761676806000,4fac703,healthcloud,2025-10-28
1761294369000,58f06ae,slack,2025-10-24
1761816258000,a998e20,datacloud,2025-10-30
1759995748000,30623b1,marketingcloud,2025-10-09
1760292618000,384bfa3,manufacturingcloud,2025-10-12
1760133487000,e87c3cb,manufacturingcloud,2025-10-10
1760908646000,17a7faa,salescloud,2025-10-19
1759850661000,dc39497,healthcloud,2025-10-07
1760016191000,a13affa,marketingcloud,2025-10-09
1759416409000,52d03ad,manufacturingcloud,2025-10-02
1760939173000,cd4215d,salescloud,2025-10-20
1761138157000,a9a6d4e,slack,2025-10-22
1761844734000,4d055c9,mulesoft,2025-10-30
1760247270000,429c0c7,tableau,2025-10-12
1760352146000,26336b5,servicecloud,2025-10-13
1759711807000,7f08d17,slack,2025-10-06
1760883068000,19efbef,tableau,2025-10-19
1760896961000,da578c0,salescloud,2025-10-19
1759287307000,7bcab59,marketingcloud,2025-10-01
1760316010000,2decd8d,tableau,2025-10-13
1761391409000,7a5c2c9,datacloud,2025-10-25
1760508485000,02ea5ea,slack,2025-10-15
1760222318000,5eb0927,healthcloud,2025-10-11
1759391251000,87f82db,tableau,2025-10-02
1761496102000,4c16119,servicecloud,2025-10-26
1759283963000,8087da9,healthcloud,2025-10-01
1759546741000,d51d311,mulesoft,2025-10-04
1761546663000,7736754,healthcloud,2025-10-27
1760664614000,f2ff450,healthcloud,2025-10-17
1759871398000,54ca911,mulesoft,2025-10-07
1760207167000,2808628,tableau,2025-10-11
1760305525000,e3c5ff7,marketingcloud,2025-10-12
1759727175000,7e761d0,salescloud,2025-10-06
1759505293000,38d18c7,datacloud,2025-10-03
1759742566000,d9bb2d9,healthcloud,2025-10-06
1760333672000,959cc41,manufacturingcloud,2025-10-13
1759390755000,63176ca,manufacturingcloud,2025-10-02
1761431471000,287ec19,datacloud,2025-10-25
1759883728000,665b0bb,tableau,2025-10-08
1761345621000,3234189,servicecloud,2025-10-24
1761131458000,de87eba,slack,2025-10-22
1760375939000,ba6cabe,healthcloud,2025-10-13
1761006931000,8d6587a,manufacturingcloud,2025-10-21
1760435428000,4e5b788,manufacturingcloud,2025-10-14
1760737752000,9eaec52,healthcloud,2025-10-17
1759405248000,27ec236,servicecloud,2025-10-02
1760527501000,605c231,healthcloud,2025-10-15
1760579488000,7d4c368,datacloud,2025-10-16
1761034598000,70fd796,mulesoft,2025-10-21
1760663073000,c396f2d,datacloud,2025-10-17
1761277240000,0c09d7d,tableau,2025-10-24
1760985636000,1258007,manufacturingcloud,2025-10-20
1759565854000,3e06ba1,datacloud,2025-10-04
1759539269000,78dd531,servicecloud,2025-10-04
1760425399000,ad8d8bb,healthcloud,2025-10-14
1761745731000,b7b3545,tableau,2025-10-29
1760565534000,34df5b2,salescloud,2025-10-15
1761493024000,c16ed02,tableau,2025-10-26
1759422586000,eaa2194,slack,2025-10-02
1761799273000,a7a43bf,healthcloud,2025-10-30
1760310379000,72b0f63,slack,2025-10-12
1760326307000,53466ab,slack,2025-10-13
1759373747000,2fa2777,servicecloud,2025-10-02
1759395750000,cb0cc56,manufacturingcloud,2025-10-02
1760774512000,9e381c2,healthcloud,2025-10-18
1761427191000,d3dce78,datacloud,2025-10-25
1759765792000,9a2bc91,tableau,2025-10-06
1759934920000,6871ed6,datacloud,2025-10-08
1761807282000,959ece6,healthcloud,2025-10-30
1759476967000,89fc780,servicecloud,2025-10-03
1760451498000,d38365b,datacloud,2025-10-14
1761705084000,e50a46a,mulesoft,2025-10-29
1761227205000,15c66a3,manufacturingcloud,2025-10-23
1761690830000,e1f72ba,servicecloud,2025-10-28
1760516290000,05c2841,salescloud,2025-10-15
1761560337000,301411f,servicecloud,2025-10-27
1759705604000,f336e0f,salescloud,2025-10-05
1759492104000,d209c35,tableau,2025-10-03
1761583128000,48d04ea,healthcloud,2025-10-27
1760440065000,cf9778b,manufacturingcloud,2025-10-14
1761530364000,6a29cb4,manufacturingcloud,2025-10-27
1761783503000,5e4f9ab,healthcloud,2025-10-30
1760959957000,dc30f57,datacloud,2025-10-20
1759774017000,24ff6d3,servicecloud,2025-10-06
1759287242000,aa35857,manufacturingcloud,2025-10-01
1759283427000,a73f2ae,slack,2025-10-01
1761344623000,15eb632,datacloud,2025-10-24
1761783477000,fc39ebd,healthcloud,2025-10-30
1760692119000,051c1a7,salescloud,2025-10-17
1760043875000,0055bd2,tableau,2025-10-09
1759945812000,49e260c,salescloud,2025-10-08
1761725929000,c86ea09,salescloud,2025-10-29
1759616449000,0154607,mulesoft,2025-10-04
1760240913000,ca8cf6c,slack,2025-10-12
1759675791000,12fa2d4,tableau,2025-10-05
1761232240000,d95b779,tableau,2025-10-23
1760023274000,796c08a,datacloud,2025-10-09
1759893891000,150bc68,healthcloud,2025-10-08
1761749453000,ab481c1,manufacturingcloud,2025-10-29
1760825839000,7ff735b,tableau,2025-10-18
1761494350000,42f5760,salescloud,2025-10-26
1761418719000,833131d,tableau,2025-10-25
1761777682000,0558e0d,mulesoft,2025-10-29
1760292872000,c85b741,marketingcloud,2025-10-12
1761582958000,3fcdd3e,manufacturingcloud,2025-10-27
1760286582000,13841b5,salescloud,2025-10-12
1759596240000,9b2a7a3,manufacturingcloud,2025-10-04
1760360523000,52af900,marketingcloud,2025-10-13
1760002614000,a99e1b7,healthcloud,2025-10-09
1759551590000,f0ed1b5,manufacturingcloud,2025-10-04
1761255721000,40fcba0,datacloud,2025-10-23
1761087534000,ce59392,marketingcloud,2025-10-21
1759557422000,daa2a24,manufacturingcloud,2025-10-04
1760349403000,9d0eb4e,mulesoft,2025-10-13
1759315037000,6db69e7,healthcloud,2025-10-01
1759321357000,35f00ae,salescloud,2025-10-01
1760587312000,7841351,datacloud,2025-10-16
1761700351000,8166e91,slack,2025-10-29
1759382076000,20b38f0,datacloud,2025-10-02
1761262564000,12874bc,marketingcloud,2025-10-23
1761097632000,7ddbefa,mulesoft,2025-10-22
1761588298000,b292203,datacloud,2025-10-27
1760371622000,aa2a979,healthcloud,2025-10-13
1759624165000,dff0425,manufacturingcloud,2025-10-05
1761471261000,2c91212,slack,2025-10-26
1759529403000,276253f,manufacturingcloud,2025-10-03
1759956658000,e186f89,marketingcloud,2025-10-08
1760130660000,f2fd522,healthcloud,2025-10-10
1760950696000,c784c86,mulesoft,2025-10-20
1761174560000,ba27222,tableau,2025-10-22
1760001255000,39c79a2,salescloud,2025-10-09
1761346955000,941a795,manufacturingcloud,2025-10-24
1760188225000,695603a,datacloud,2025-10-11
1760057016000,0e2e0b8,tableau,2025-10-10
1759936596000,09fa864,mulesoft,2025-10-08
1759446276000,b5e00a7,healthcloud,2025-10-02
1761451320000,9a738d8,marketingcloud,2025-10-26
1760925199000,1a808f4,datacloud,2025-10-20
1760400678000,6f05f2e,marketingcloud,2025-10-14
1761546978000,504f10a,datacloud,2025-10-27
1761556120000,e2903c9,mulesoft,2025-10-27
1759957106000,5b37ce3,healthcloud,2025-10-08
1760135883000,15631bc,slack,2025-10-10
1761174221000,6cf78fa,datacloud,2025-10-22
1760987648000,381bc6a,marketingcloud,2025-10-20
1761593628000,a714494,manufacturingcloud,2025-10-27
1761019451000,4c61cc5,slack,2025-10-21
1759510012000,46bb355,mulesoft,2025-10-03
1761784571000,fedf756,slack,2025-10-30
1761023750000,29892ad,marketingcloud,2025-10-21
1761402791000,8b13cc6,marketingcloud,2025-10-25
1759820181000,a670f6a,datacloud,2025-10-07
1760660580000,42a074b,slack,2025-10-17
1759556773000,5d37ea0,healthcloud,2025-10-04
1759421860000,0002c20,manufacturingcloud,2025-10-02
1761216906000,9673bf9,mulesoft,2025-10-23
1761703303000,7f08e9d,datacloud,2025-10-29
1761252658000,257569b,manufacturingcloud,2025-10-23
1759693113000,282defd,servicecloud,2025-10-05
1759391491000,f1a5e3e,mulesoft,2025-10-02
1759555421000,ee21ebe,manufacturingcloud,2025-10-04
1760738517000,980566f,manufacturingcloud,2025-10-17
1761411852000,7a934e5,datacloud,2025-10-25
1759541852000,d525de1,marketingcloud,2025-10-04
1759306751000,1f017ae,manufacturingcloud,2025-10-01
1761165459000,21ea267,tableau,2025-10-22
1759729620000,c08657b,salescloud,2025-10-06
1759562709000,0b40334,salescloud,2025-10-04
1761867168000,a8b502d,mulesoft,2025-10-30
1759471724000,3de1847,slack,2025-10-03
1761564401000,2579e2a,slack,2025-10-27
1760678241000,17ed9fb,manufacturingcloud,2025-10-17
1761265841000,652b5b8,salescloud,2025-10-24
1759909372000,570ad77,slack,2025-10-08
1761114543000,1385323,salescloud,2025-10-22
1761493011000,31f6a6d,slack,2025-10-26
1761412230000,8c82a42,mulesoft,2025-10-25
1759710510000,bbd5972,slack,2025-10-06
1759467076000,f8c4696,salescloud,2025-10-03
1761409357000,86d7dde,slack,2025-10-25
1760580721000,d7766c5,salescloud,2025-10-16
1759917344000,6e0d43b,datacloud,2025-10-08
1761746779000,63efa0f,salescloud,2025-10-29
1761630260000,2a4f765,datacloud,2025-10-28
1759821732000,7c28303,tableau,2025-10-07
1759709687000,d89f42d,datacloud,2025-10-06
1761474116000,9976dbb,tableau,2025-10-26
1761507130000,5e728e5,datacloud,2025-10-26
1760264923000,c85238a,marketingcloud,2025-10-12
1761082972000,99d6ff6,tableau,2025-10-21
1760593369000,23b307a,manufacturingcloud,2025-10-16
1760544988000,dfae9d3,datacloud,2025-10-15
1759681050000,9d933c0,salescloud,2025-10-05
1760972148000,1ab522f,servicecloud,2025-10-20
1761795294000,cdf8519,healthcloud,2025-10-30
1761851300000,c61f43e,mulesoft,2025-10-30
1760121306000,da04ba2,manufacturingcloud,2025-10-10
1760280175000,a3c35c3,mulesoft,2025-10-12
1760750344000,dfcf6ce,slack,2025-10-18
1759284958000,3106494,healthcloud,2025-10-01
1760023919000,b708d7f,healthcloud,2025-10-09
1761595270000,b499eae,salescloud,2025-10-27
1760805764000,e531cc1,mulesoft,2025-10-18
1760165804000,5a28da3,manufacturingcloud,2025-10-11
1759912217000,97f6b34,slack,2025-10-08
1760494227000,59d50c2,salescloud,2025-10-15
1759458235000,0f2ab7f,salescloud,2025-10-03
1761701007000,7a57fb6,mulesoft,2025-10-29
1760349458000,ba20388,marketingcloud,2025-10-13
1759781256000,dce7b83,datacloud,2025-10-06
1760438298000,0ff443d,marketingcloud,2025-10-14
1760760233000,7e37a0d,datacloud,2025-10-18
1761656023000,ec11e48,slack,2025-10-28
1761381209000,315f30c,mulesoft,2025-10-25
1760604916000,cdc71a0,salescloud,2025-10-16
1761529090000,f5b5f01,servicecloud,2025-10-27
1761435926000,44d834d,salescloud,2025-10-25
1760586240000,0d6f73a,slack,2025-10-16
1759520719000,ecbe232,slack,2025-10-03
1759595777000,3401e81,healthcloud,2025-10-04
1761073714000,4a47d34,datacloud,2025-10-21
1759526977000,4fb9206,datacloud,2025-10-03
1761326836000,d18ae66,datacloud,2025-10-24
1759948424000,cded91c,slack,2025-10-08
1760415033000,9bb31f5,salescloud,2025-10-14
1759442780000,277577d,slack,2025-10-02
1761599757000,d5f2b7f,marketingcloud,2025-10-27
1759339251000,b8aeb9f,slack,2025-10-01
1760733554000,f15f712,slack,2025-10-17
1760152468000,212e1b7,slack,2025-10-11
1759706535000,cb3f04a,marketingcloud,2025-10-05
1759882533000,932ee98,datacloud,2025-10-08
1760184313000,750edaf,mulesoft,2025-10-11
1761630268000,5717f51,salescloud,2025-10-28
1759863917000,fc4a094,servicecloud,2025-10-07
1760615225000,c3e7e9a,tableau,2025-10-16
1759965472000,7c05a13,marketingcloud,2025-10-08
1759457614000,8a21d6c,marketingcloud,2025-10-03
1761256902000,aa35e58,datacloud,2025-10-23
1759608202000,44fea42,manufacturingcloud,2025-10-04
1760219921000,6c2765c,slack,2025-10-11
1761663506000,2614cd4,salescloud,2025-10-28
1759494083000,cbf0ee1,servicecloud,2025-10-03
1760429366000,f9412a5,healthcloud,2025-10-14
1761593953000,55d616d,slack,2025-10-27
1759358330000,4d1422b,slack,2025-10-01
1760875993000,45d101a,marketingcloud,2025-10-19
1759602117000,061c76b,manufacturingcloud,2025-10-04
1760833457000,9b761a8,servicecloud,2025-10-19
1760053034000,0ca5738,slack,2025-10-09
1760699930000,4229e67,servicecloud,2025-10-17
1760999060000,b6fb121,slack,2025-10-20
1759607484000,6c4d8a9,servicecloud,2025-10-04
1759958290000,567b5a4,healthcloud,2025-10-08
1759842050000,06edb95,salescloud,2025-10-07
1760252478000,0c1e3f9,datacloud,2025-10-12
1760856817000,ffd54cb,marketingcloud,2025-10-19
1761116758000,d19adba,salescloud,2025-10-22
1761374081000,8407885,mulesoft,2025-10-25
1760476119000,dfad192,salescloud,2025-10-14
1759413650000,a6cf3cf,salescloud,2025-10-02
1761129613000,8243431,datacloud,2025-10-22
1760037182000,8f8ee6e,tableau,2025-10-09
1760748569000,f827a78,slack,2025-10-18
1759544851000,1bd9d7a,salescloud,2025-10-04
1760889180000,9c31131,healthcloud,2025-10-19
1759550081000,d44095b,servicecloud,2025-10-04
1760334582000,285470e,servicecloud,2025-10-13
1761183006000,b3fd53d,healthcloud,2025-10-23
1759928327000,e0cde23,healthcloud,2025-10-08
1761623393000,e726993,manufacturingcloud,2025-10-28
1761759961000,d0fa014,servicecloud,2025-10-29
1760865058000,8d454d6,manufacturingcloud,2025-10-19
1761854185000,2c531ca,servicecloud,2025-10-30
1760064710000,4b169b6,marketingcloud,2025-10-10
1760804886000,b3acab4,tableau,2025-10-18
1761083516000,fbc4fef,healthcloud,2025-10-21
1760899259000,093b39e,marketingcloud,2025-10-19
1761219094000,73f6d03,servicecloud,2025-10-23
1759882727000,e002fc2,manufacturingcloud,2025-10-08
1760119998000,4e7d333,salescloud,2025-10-10
1759301631000,9ac0aa8,salescloud,2025-10-01
1760910316000,760a562,servicecloud,2025-10-19
1761145295000,74ad791,servicecloud,2025-10-22
1761031335000,f13ec90,healthcloud,2025-10-21
1760976044000,f9119f3,mulesoft,2025-10-20
1761470111000,c698d0c,healthcloud,2025-10-26
1760374220000,ddc55e5,healthcloud,2025-10-13
1759803872000,9134235,marketingcloud,2025-10-07
1760891453000,223fde1,salescloud,2025-10-19
1759882331000,4b567fa,healthcloud,2025-10-08
1760689799000,3c7cd6d,tableau,2025-10-17
1760085883000,22291ad,salescloud,2025-10-10
1761224571000,4ad86a8,slack,2025-10-23
1759953320000,25545f1,salescloud,2025-10-08
1761811650000,dfe0b33,salescloud,2025-10-30
1761358688000,cbb04d6,manufacturingcloud,2025-10-25
1760902253000,6c7e78d,servicecloud,2025-10-19
1761602587000,fdb81ac,marketingcloud,2025-10-27
1759988180000,e54db23,manufacturingcloud,2025-10-09
1760022395000,23c4d63,marketingcloud,2025-10-09
1761161203000,ad88a8e,marketingcloud,2025-10-22
1759621051000,402b15b,salescloud,2025-10-04
1759970848000,9d34874,healthcloud,2025-10-09
1760083632000,5e2c900,slack,2025-10-10
1761519276000,46d63be,servicecloud,2025-10-26
1760458301000,4402de0,healthcloud,2025-10-14
1761728763000,21cfe49,servicecloud,2025-10-29
1760063715000,e00b0aa,datacloud,2025-10-10
1761301697000,05056fe,datacloud,2025-10-24
1761497633000,b257a5e,manufacturingcloud,2025-10-26
1759758777000,4db7169,salescloud,2025-10-06
1760109662000,da9cab6,marketingcloud,2025-10-10
1759667805000,753ff05,manufacturingcloud,2025-10-05
1759982363000,3e37996,tableau,2025-10-09
1761797711000,e13425b,salescloud,2025-10-30
1760241812000,63c93b4,marketingcloud,2025-10-12
1759358684000,4bd349d,datacloud,2025-10-01
1761809864000,91f0656,slack,2025-10-30
1761319507000,bec8c91,datacloud,2025-10-24
1761559849000,678e135,mulesoft,2025-10-27
1759674481000,09d0748,mulesoft,2025-10-05
1761235340000,eaa6443,mulesoft,2025-10-23
1760360436000,af5cef9,marketingcloud,2025-10-13
1761091021000,8ff05f5,salescloud,2025-10-21
1760506626000,82bc41a,servicecloud,2025-10-15
1759772719000,54a398c,manufacturingcloud,2025-10-06
1760915769000,d410bf2,servicecloud,2025-10-19
1761076506000,a63ccdb,servicecloud,2025-10-21
1761746750000,fa33d30,manufacturingcloud,2025-10-29
1759536626000,3772dc9,tableau,2025-10-04
1761490747000,b04a1af,tableau,2025-10-26
1761419378000,c5e5beb,tableau,2025-10-25
1761036952000,34b57f4,mulesoft,2025-10-21
1759569641000,8674964,servicecloud,2025-10-04
1760369389000,87420dc,datacloud,2025-10-13
1760654570000,39b537a,mulesoft,2025-10-16
1760247240000,61c35f9,servicecloud,2025-10-12
1759780945000,0ad01f0,servicecloud,2025-10-06
1759489981000,c44ffad,servicecloud,2025-10-03
1761496649000,bb9fc24,manufacturingcloud,2025-10-26
1760127550000,3e7b40b,salescloud,2025-10-10
1760426289000,0d9a56d,mulesoft,2025-10-14
1760091573000,4f688ea,mulesoft,2025-10-10
1759989876000,8549bf0,salescloud,2025-10-09
1761526076000,c4ad854,marketingcloud,2025-10-27
1760030674000,d081881,marketingcloud,2025-10-09
1760251653000,a9ffab3,servicecloud,2025-10-12
1760990551000,e87cf51,tableau,2025-10-20
1760923876000,824d966,datacloud,2025-10-20
1761868694000,c6a1e79,mulesoft,2025-10-30
1760088211000,ec25211,datacloud,2025-10-10
1759439826000,93d97f1,healthcloud,2025-10-02
1760702750000,f3e224d,manufacturingcloud,2025-10-17
1759377061000,1d21c5e,healthcloud,2025-10-02
1761238682000,aa6a60d,datacloud,2025-10-23
1761331439000,2a13a0d,manufacturingcloud,2025-10-24
1760902869000,90930f4,tableau,2025-10-19
1761808699000,31841f4,tableau,2025-10-30
1760984792000,6f44953,datacloud,2025-10-20
1759432891000,0fdec5d,slack,2025-10-02
1759919476000,9e51503,datacloud,2025-10-08
1761595791000,e5ab27c,salescloud,2025-10-27
1759480394000,d2536ce,tableau,2025-10-03
1759817732000,fa48e03,tableau,2025-10-07
1761001475000,e9bb3d6,marketingcloud,2025-10-20
1759454175000,ecf84f1,datacloud,2025-10-03
1760297516000,bf4c494,marketingcloud,2025-10-12
1761795613000,d702425,salescloud,2025-10-30
1760710729000,94b86af,marketingcloud,2025-10-17
1761720577000,39518d0,manufacturingcloud,2025-10-29
1759471515000,d872527,marketingcloud,2025-10-03
1761543422000,6d11887,manufacturingcloud,2025-10-27
1760946521000,8882e39,datacloud,2025-10-20
1759822182000,ff8f379,manufacturingcloud,2025-10-07
1759545863000,d75e822,manufacturingcloud,2025-10-04
1760747877000,880b0ef,tableau,2025-10-18
1760150906000,f675763,mulesoft,2025-10-11
1759391494000,0e412ad,salescloud,2025-10-02
1760731068000,82c6df5,healthcloud,2025-10-17
1761032461000,f08bbe8,datacloud,2025-10-21
1761642749000,1c212ed,datacloud,2025-10-28
1761341993000,402ed8b,marketingcloud,2025-10-24
1759312278000,0640952,marketingcloud,2025-10-01
1760503165000,2c450fb,mulesoft,2025-10-15
1759758428000,6886edb,marketingcloud,2025-10-06
1759369442000,0a48001,manufacturingcloud,2025-10-02
1761271734000,a8a24e8,slack,2025-10-24
1761302113000,ab0bc3b,mulesoft,2025-10-24
1761164871000,98289a5,tableau,2025-10-22
1760170739000,7334ede,slack,2025-10-11
1759946449000,9b2cb49,slack,2025-10-08
1760472430000,dd6225e,servicecloud,2025-10-14
1760460691000,161ddd6,slack,2025-10-14
1759841156000,ba75429,slack,2025-10-07
1759948610000,3fa8282,tableau,2025-10-08
1761818686000,68b18a4,mulesoft,2025-10-30
1759953008000,09f89cd,healthcloud,2025-10-08
1761079696000,596c933,slack,2025-10-21
1759281446000,0b5789e,marketingcloud,2025-10-01
1760264850000,f96ccc6,manufacturingcloud,2025-10-12
1760313215000,8901e6f,salescloud,2025-10-12
1760754976000,def3047,datacloud,2025-10-18
1760658330000,13037e4,slack,2025-10-16
1761516635000,cc677bf,slack,2025-10-26
1761043316000,538fc2f,datacloud,2025-10-21
1759381854000,953c01f,servicecloud,2025-10-02
1760675061000,dfcdddc,mulesoft,2025-10-17
1761543307000,4d25ece,datacloud,2025-10-27
1761362056000,d736c7f,salescloud,2025-10-25
1761736983000,81ae028,healthcloud,2025-10-29
1760743518000,48cb2d5,mulesoft,2025-10-17
1760174960000,0c6355c,marketingcloud,2025-10-11
1761818570000,6ec8e34,servicecloud,2025-10-30
1760621755000,ef744e2,salescloud,2025-10-16
1760873485000,c4513d4,tableau,2025-10-19
1761836957000,3d9cfc6,salescloud,2025-10-30
1760614596000,4307a68,slack,2025-10-16
1761717091000,bf1771c,datacloud,2025-10-29
1760910316000,ff769df,servicecloud,2025-10-19
1760392695000,ca9b59f,servicecloud,2025-10-13
1759885516000,8a2811d,tableau,2025-10-08
1760354007000,a991abc,marketingcloud,2025-10-13
1761488315000,347725c,slack,2025-10-26
1759284340000,85b8918,manufacturingcloud,2025-10-01
1761458379000,b07ef72,mulesoft,2025-10-26
1759387943000,371dfe1,servicecloud,2025-10-02
1761836274000,291dd15,marketingcloud,2025-10-30
1760573744000,5ccd14f,marketingcloud,2025-10-16
1759388844000,398fed1,manufacturingcloud,2025-10-02
1760627442000,2df0fb0,servicecloud,2025-10-16
1760826451000,caddd42,marketingcloud,2025-10-18
1761557495000,b8412d8,manufacturingcloud,2025-10-27
1759334779000,36dfdfa,marketingcloud,2025-10-01
1759482727000,f8d6eab,healthcloud,2025-10-03
1760387769000,f6f3f75,tableau,2025-10-13
1760910062000,b197650,salescloud,2025-10-19
1761581463000,2a4b121,tableau,2025-10-27
1760714900000,4af353a,mulesoft,2025-10-17
1761661298000,9e37eb9,datacloud,2025-10-28
1761211238000,7704c06,healthcloud,2025-10-23
1761171232000,c100a04,salescloud,2025-10-22
1759399932000,6505a17,tableau,2025-10-02
1760593639000,da2fd76,servicecloud,2025-10-16
1760571495000,dbf8d79,manufacturingcloud,2025-10-15
1761271187000,2d27381,servicecloud,2025-10-24
1761636433000,a608854,manufacturingcloud,2025-10-28
1760153159000,df49137,servicecloud,2025-10-11
1760843837000,19535ea,datacloud,2025-10-19
1760521732000,0e3e118,tableau,2025-10-15
1760880102000,5a590cd,tableau,2025-10-19
1760390344000,0d866b2,servicecloud,2025-10-13
1759826579000,2913d32,datacloud,2025-10-07
1761719807000,fb002ab,tableau,2025-10-29
1760513218000,a7bcffc,tableau,2025-10-15
1760928721000,91e1c95,healthcloud,2025-10-20
1759391711000,252c8ef,servicecloud,2025-10-02
1761165312000,27560b0,servicecloud,2025-10-22
1759887448000,ddde38c,slack,2025-10-08
1761029196000,c5b6c10,servicecloud,2025-10-21
1760517485000,3ee1fc8,salescloud,2025-10-15
1761122842000,877c44f,datacloud,2025-10-22
1760231261000,d3a541d,datacloud,2025-10-12
1760405291000,302d867,servicecloud,2025-10-14
1759362215000,a9c3527,manufacturingcloud,2025-10-01
1759798196000,f0e2611,manufacturingcloud,2025-10-07
1760949649000,907dab0,salescloud,2025-10-20
1760956454000,9c37f51,marketingcloud,2025-10-20
1760759842000,890e3cb,datacloud,2025-10-18
1759397520000,d585c16,mulesoft,2025-10-02
1759907007000,ef2b2e1,mulesoft,2025-10-08
1760680114000,e2191a4,mulesoft,2025-10-17
1760816061000,76eb9d0,datacloud,2025-10-18
1761374682000,8bac38a,mulesoft,2025-10-25
1759977602000,5a89e21,healthcloud,2025-10-09
1759528068000,a4b5e65,datacloud,2025-10-03
1761222338000,1539829,datacloud,2025-10-23
1759414960000,d063145,slack,2025-10-02
1759633053000,f9abdbd,healthcloud,2025-10-05
1760684023000,d4f0953,manufacturingcloud,2025-10-17
1759671768000,519fe9a,salescloud,2025-10-05
1761848256000,18008d7,marketingcloud,2025-10-30
1759450317000,48e5181,tableau,2025-10-03
1761527559000,5e2b1b9,tableau,2025-10-27
1760320258000,22e6daa,salescloud,2025-10-13
1759594138000,b7f0bb4,healthcloud,2025-10-04
1761159687000,9fedcf5,salescloud,2025-10-22
1760343103000,335e2de,datacloud,2025-10-13
1760405050000,d7c24e4,servicecloud,2025-10-14
1761589110000,1ea352c,servicecloud,2025-10-27
1761217996000,a878bab,healthcloud,2025-10-23
1760025114000,153ce55,datacloud,2025-10-09
1759822146000,e427c80,mulesoft,2025-10-07
1760313703000,d6e64fb,healthcloud,2025-10-13
1760323868000,83e3965,salescloud,2025-10-13
1759719664000,25c7955,servicecloud,2025-10-06
1760695253000,21bd177,salescloud,2025-10-17
1760100380000,31416f1,slack,2025-10-10
1759886097000,384332f,slack,2025-10-08
1760870518000,b4c2377,marketingcloud,2025-10-19
1760984541000,e2e917d,slack,2025-10-20
1761211735000,ef1a2c8,mulesoft,2025-10-23
1760414881000,1ce984a,tableau,2025-10-14
1760101436000,6befab3,healthcloud,2025-10-10
1761002167000,96f40d3,slack,2025-10-20
1761338107000,ad6e543,salescloud,2025-10-24
1760451081000,b826db7,marketingcloud,2025-10-14
1760251032000,017e212,tableau,2025-10-12
1761826584000,93a243f,healthcloud,2025-10-30
1760267212000,19b363c,salescloud,2025-10-12
1761147393000,50578c6,datacloud,2025-10-22
1761317892000,244c8ca,mulesoft,2025-10-24
1759466922000,be4a096,servicecloud,2025-10-03
1761462384000,2f54577,servicecloud,2025-10-26
1761461815000,67740e0,slack,2025-10-26
1759955360000,8d9553f,healthcloud,2025-10-08
1760948343000,ecff663,healthcloud,2025-10-20
1761434309000,9f4734f,datacloud,2025-10-25
1759554282000,666ff4f,manufacturingcloud,2025-10-04
1761821461000,265a94c,mulesoft,2025-10-30
1761524292000,e290003,healthcloud,2025-10-27
1761576574000,68f6d0f,salescloud,2025-10-27
1761246499000,cb5bd52,manufacturingcloud,2025-10-23
1759281344000,6160e56,manufacturingcloud,2025-10-01
1760818574000,db92ebb,datacloud,2025-10-18
1759769105000,9a2d676,tableau,2025-10-06
1759852104000,45b98ef,tableau,2025-10-07
1760330211000,67ae28e,salescloud,2025-10-13
1760952974000,23e05f7,mulesoft,2025-10-20
1760549528000,1c5070d,datacloud,2025-10-15
1759920526000,93ce04a,mulesoft,2025-10-08
1760348163000,70872a2,servicecloud,2025-10-13
1759963580000,06aca74,manufacturingcloud,2025-10-08
1759872169000,7405bdb,servicecloud,2025-10-07
1761068815000,c537c40,manufacturingcloud,2025-10-21
1761030197000,e8a7c9b,manufacturingcloud,2025-10-21
1759397035000,0882aa6,marketingcloud,2025-10-02
1759652096000,66334f0,mulesoft,2025-10-05
1760718971000,6149cec,tableau,2025-10-17
1759916666000,51e6889,slack,2025-10-08
1759636098000,2fb5828,slack,2025-10-05
1761706902000,e6e0111,manufacturingcloud,2025-10-29
1759783643000,f04cfe3,mulesoft,2025-10-06
1760957603000,cfdbfea,servicecloud,2025-10-20
1759809087000,f07e031,servicecloud,2025-10-07
1761566325000,e227588,manufacturingcloud,2025-10-27
1760248359000,2d4b3e5,slack,2025-10-12
1760870606000,36b3380,slack,2025-10-19
1759755841000,e630843,healthcloud,2025-10-06
1760826950000,5cb067c,salescloud,2025-10-18
1759505181000,b56627d,salescloud,2025-10-03
1761489411000,2405afe,datacloud,2025-10-26
1760313819000,70aa8ca,salescloud,2025-10-13
1761504437000,1524f22,servicecloud,2025-10-26
1761789784000,e6d771a,slack,2025-10-30
1759965389000,6b0ee45,datacloud,2025-10-08
1760373331000,cc2af7e,marketingcloud,2025-10-13
1761033683000,19e1674,salescloud,2025-10-21
1760651682000,65d6d1e,mulesoft,2025-10-16
1760127073000,44585ed,servicecloud,2025-10-10
1761671598000,c11f4d2,servicecloud,2025-10-28
1759360214000,c0578fc,marketingcloud,2025-10-01
1761265704000,913a76c,healthcloud,2025-10-24
1760650064000,db0f2ea,healthcloud,2025-10-16
1760331347000,243dbcd,slack,2025-10-13
1759476787000,934e228,tableau,2025-10-03
1760945410000,7f6ec97,marketingcloud,2025-10-20
1760192387000,f8357a6,mulesoft,2025-10-11
1760055664000,8ef1385,manufacturingcloud,2025-10-10
1759745975000,699d964,mulesoft,2025-10-06
1761727359000,5210c30,servicecloud,2025-10-29
1761572592000,9b0356b,servicecloud,2025-10-27
1761217110000,fc7cf01,datacloud,2025-10-23
1761397338000,dfc1c9b,marketingcloud,2025-10-25
1760871879000,2fe062b,healthcloud,2025-10-19
1761682904000,e187782,datacloud,2025-10-28
1760839060000,31cdef3,datacloud,2025-10-19
1761120592000,c347884,salescloud,2025-10-22
1761143206000,128ccd0,tableau,2025-10-22
1761065661000,0d7c52d,healthcloud,2025-10-21
1760499425000,f4029f2,manufacturingcloud,2025-10-15
1760579137000,770baa6,healthcloud,2025-10-16
1759324075000,e85ca6a,servicecloud,2025-10-01
1759429505000,5dd99b7,salescloud,2025-10-02
1760878790000,0df3517,servicecloud,2025-10-19
1759295864000,b8aa97c,datacloud,2025-10-01
1760167142000,4a95919,marketingcloud,2025-10-11
1760618944000,1c8bcab,marketingcloud,2025-10-16
1760375742000,5b1e4a4,servicecloud,2025-10-13
1760062878000,1f9a32e,marketingcloud,2025-10-10
1761541337000,09d30cf,datacloud,2025-10-27
1759277150000,ecccb8f,salescloud,2025-10-01
1760480412000,6c59774,marketingcloud,2025-10-14
1761101999000,e2a1f9e,servicecloud,2025-10-22
1759983411000,ccf923f,manufacturingcloud,2025-10-09
1760082330000,aabe9b7,servicecloud,2025-10-10
1759963984000,6fd7a41,healthcloud,2025-10-08
1761479425000,126372a,servicecloud,2025-10-26
1760711188000,656790b,salescloud,2025-10-17
1760621742000,caa8b84,slack,2025-10-16
1759634155000,2b2c1a7,tableau,2025-10-05
1761229697000,24492cc,marketingcloud,2025-10-23
1760820050000,ee3cc8b,tableau,2025-10-18
1760116045000,18883f5,marketingcloud,2025-10-10
1761779646000,f33b77e,tableau,2025-10-29
1761173311000,75538a1,manufacturingcloud,2025-10-22
1759886095000,f3fcc70,healthcloud,2025-10-08
1759787579000,613a856,manufacturingcloud,2025-10-06
1759527716000,5622bbd,mulesoft,2025-10-03
1761704011000,8c7d81f,manufacturingcloud,2025-10-29
1760241746000,f8f67de,marketingcloud,2025-10-12
1761012916000,50628f7,manufacturingcloud,2025-10-21
1761645804000,6e49759,tableau,2025-10-28
1761274177000,ee23d6c,marketingcloud,2025-10-24
1760381232000,834907a,salescloud,2025-10-13
1759687119000,5af9035,datacloud,2025-10-05
1760173888000,e29a471,mulesoft,2025-10-11
1759975007000,66467da,slack,2025-10-09
1759309071000,7a784c1,servicecloud,2025-10-01
1761301097000,46aa0af,healthcloud,2025-10-24
1760825617000,70ac04c,datacloud,2025-10-18
1760717359000,47d8743,slack,2025-10-17
1760189950000,9dce037,salescloud,2025-10-11
1761293556000,c220603,healthcloud,2025-10-24
1761426240000,87db02b,healthcloud,2025-10-25
1759977178000,b91dd35,datacloud,2025-10-09
1759841905000,1862e9f,mulesoft,2025-10-07
1761021802000,af16d6a,datacloud,2025-10-21
1761376514000,690eb56,marketingcloud,2025-10-25
1759479317000,c826719,datacloud,2025-10-03
1759885949000,b11db5b,tableau,2025-10-08
1760549502000,9c2007f,manufacturingcloud,2025-10-15
1760756568000,5b5d15e,healthcloud,2025-10-18
1760323486000,2150857,servicecloud,2025-10-13
1761698120000,f5662f4,mulesoft,2025-10-29
1760993422000,c6eb22f,tableau,2025-10-20
1759377501000,f20dea6,mulesoft,2025-10-02
1760334619000,55716fe,manufacturingcloud,2025-10-13
1760473217000,fe19d26,marketingcloud,2025-10-14
1761786762000,26f6b92,marketingcloud,2025-10-30
1760448845000,16b19b7,datacloud,2025-10-14
1759633602000,82f6260,healthcloud,2025-10-05
1761174478000,98e1aec,servicecloud,2025-10-22
1761578280000,4fcd62c,tableau,2025-10-27
1761437032000,5df9dc8,servicecloud,2025-10-26
1760563410000,e9d98ab,datacloud,2025-10-15
1760837463000,b7e5763,salescloud,2025-10-19
1760387827000,7aae552,manufacturingcloud,2025-10-13
1760822067000,2c2a565,servicecloud,2025-10-18
1761021005000,68d316e,marketingcloud,2025-10-21
1759629026000,4f26a82,marketingcloud,2025-10-05
1760716154000,4b11cd1,datacloud,2025-10-17
1760256557000,701429f,tableau,2025-10-12
1760607183000,b15f9dd,salescloud,2025-10-16
1759389116000,27bed7e,servicecloud,2025-10-02
1760382599000,16d1cca,salescloud,2025-10-13
1759682470000,a0a51c2,healthcloud,2025-10-05
1761463711000,c3d697e,mulesoft,2025-10-26
1761722180000,dd01fe8,datacloud,2025-10-29
1760853453000,d0fdd0b,healthcloud,2025-10-19
1759462721000,87e33be,servicecloud,2025-10-03
1761321822000,3b992b9,tableau,2025-10-24
1759368710000,1d3e588,marketingcloud,2025-10-02
1761060906000,8b85b27,salescloud,2025-10-21
1760247429000,89d4450,marketingcloud,2025-10-12
1760024313000,7bd1e7b,datacloud,2025-10-09
1761527920000,56b7d2d,slack,2025-10-27
1761720102000,89c6dcc,tableau,2025-10-29
1760284532000,7882da3,healthcloud,2025-10-12
1760196523000,55eb503,slack,2025-10-11
1759803894000,d3a2b3a,datacloud,2025-10-07
1759474228000,278798d,mulesoft,2025-10-03
1761017615000,a799318,salescloud,2025-10-21
1761714388000,4ce960b,slack,2025-10-29
1761445454000,8f202de,healthcloud,2025-10-26
1761463974000,5f10179,tableau,2025-10-26
1760304877000,614b4f6,marketingcloud,2025-10-12
1761405031000,76a9c45,datacloud,2025-10-25
1760228936000,f4bbf80,datacloud,2025-10-12
1761558691000,88e6999,marketingcloud,2025-10-27
1760612371000,c8bb34d,salescloud,2025-10-16
1760069825000,76a3c1b,marketingcloud,2025-10-10
1759629541000,01b2a94,manufacturingcloud,2025-10-05
1759756581000,04e38de,servicecloud,2025-10-06
1760424000000,342ae35,manufacturingcloud,2025-10-14
1760445715000,8563c2b,mulesoft,2025-10-14
1760534804000,8abbcce,manufacturingcloud,2025-10-15
1761650015000,0c8ead0,slack,2025-10-28
1760714862000,a4a5129,servicecloud,2025-10-17
1759978290000,7a9bdda,servicecloud,2025-10-09
1759364053000,e9ed9a9,tableau,2025-10-02
1761520177000,5d068b9,servicecloud,2025-10-26
1760032483000,c6d20a5,tableau,2025-10-09
1761748732000,82546dc,servicecloud,2025-10-29
1760096322000,f98c798,tableau,2025-10-10
1761356440000,67e3af7,manufacturingcloud,2025-10-25
1759324045000,08f4562,datacloud,2025-10-01
1759523978000,c1bdcb2,tableau,2025-10-03
1760859067000,ca63299,servicecloud,2025-10-19
1759723202000,0a15c52,tableau,2025-10-06
1761257826000,a8b75f1,tableau,2025-10-23
1761735183000,bf32ca2,salescloud,2025-10-29
1761228140000,89dbed7,tableau,2025-10-23
1760400309000,8b9579c,tableau,2025-10-14
1761741575000,39b6845,slack,2025-10-29
1760720033000,54c12b7,tableau,2025-10-17
1761833564000,f2cdc59,servicecloud,2025-10-30
1760047488000,0a346c7,servicecloud,2025-10-09
1759477060000,aec156a,servicecloud,2025-10-03
1761509203000,5339f85,servicecloud,2025-10-26
1761148575000,e273d5e,mulesoft,2025-10-22
1761271664000,825bf83,marketingcloud,2025-10-24
1760215654000,1ca93f7,manufacturingcloud,2025-10-11
1759372760000,e5ffd41,salescloud,2025-10-02
1759746352000,97afb95,salescloud,2025-10-06
1761097183000,eadd180,marketingcloud,2025-10-22
1761017673000,d22765d,manufacturingcloud,2025-10-21
1759456172000,eda5897,servicecloud,2025-10-03
1760385659000,fa1083e,datacloud,2025-10-13
1761308467000,dd24a61,healthcloud,2025-10-24
1760195938000,4c4696e,manufacturingcloud,2025-10-11
1760044315000,8fb3a58,healthcloud,2025-10-09
1760044554000,6f94fe8,mulesoft,2025-10-09
1761696174000,97568c9,servicecloud,2025-10-29
1760165222000,f615cb2,healthcloud,2025-10-11
1759710591000,614982a,marketingcloud,2025-10-06
1759995694000,b86b608,marketingcloud,2025-10-09
1761678940000,00944c3,tableau,2025-10-28
1760165225000,a9e5d4a,marketingcloud,2025-10-11
1761441304000,cc1b0ba,marketingcloud,2025-10-26
1759311037000,ba6c288,healthcloud,2025-10-01
1761613926000,afe6d7a,servicecloud,2025-10-28
1759480901000,6042f27,datacloud,2025-10-03
1760603142000,909c152,tableau,2025-10-16
1759765453000,f425d56,datacloud,2025-10-06
1759503948000,682c753,datacloud,2025-10-03
1761748657000,6c7b675,datacloud,2025-10-29
1759391475000,1de5e02,servicecloud,2025-10-02
1761109686000,6d1d792,datacloud,2025-10-22
1759335501000,f3366b9,mulesoft,2025-10-01
1761298359000,c8cc21b,healthcloud,2025-10-24
1760958169000,902a12e,marketingcloud,2025-10-20
1761803766000,42c5dd9,manufacturingcloud,2025-10-30
1759719570000,1aa4b15,servicecloud,2025-10-06
1759388136000,31108f2,mulesoft,2025-10-02
1760435255000,bb57045,healthcloud,2025-10-14
1761364319000,2c8c431,datacloud,2025-10-25
1761335806000,5f06326,mulesoft,2025-10-24
1760163346000,7e3551f,tableau,2025-10-11
1761399276000,d13064b,tableau,2025-10-25
1761410028000,5b09b22,salescloud,2025-10-25
1760283244000,a6fe9c3,marketingcloud,2025-10-12
1760155591000,5a4de7c,tableau,2025-10-11
1761668744000,930b32d,datacloud,2025-10-28
1761814801000,ebbc0f8,salescloud,2025-10-30
1760422771000,60164e7,slack,2025-10-14
1759585374000,7463e05,salescloud,2025-10-04
1761669910000,9f7d77b,manufacturingcloud,2025-10-28
1760605841000,b9d611b,mulesoft,2025-10-16
1760935982000,1f2925e,mulesoft,2025-10-20
1760149399000,5ddcd39,salescloud,2025-10-11
1761715718000,b7333bb,salescloud,2025-10-29
1761358242000,d7de7b7,manufacturingcloud,2025-10-25
1761855538000,47d1534,manufacturingcloud,2025-10-30
1759320594000,4e8ec19,salescloud,2025-10-01
1759915216000,dd98759,datacloud,2025-10-08
1759393801000,3a2d452,manufacturingcloud,2025-10-02
1760287180000,dba15e0,datacloud,2025-10-12
1760559146000,6b43a0d,manufacturingcloud,2025-10-15
1760331482000,50510d2,marketingcloud,2025-10-13
1761237586000,b9d4eee,mulesoft,2025-10-23
1761556533000,4e438cf,salescloud,2025-10-27
1760172029000,6691391,marketingcloud,2025-10-11
1759528581000,a7f1ad0,salescloud,2025-10-03
1761569187000,82963ac,slack,2025-10-27
1760196744000,511ae98,manufacturingcloud,2025-10-11
1760666133000,821adb9,healthcloud,2025-10-17
1760960110000,e0c7c9f,marketingcloud,2025-10-20
1760246081000,6145bce,datacloud,2025-10-12
1761624216000,224a920,tableau,2025-10-28
1759902195000,8ecd705,slack,2025-10-08
1761411788000,1803531,manufacturingcloud,2025-10-25
1759613857000,fa2c9c9,tableau,2025-10-04
1759626885000,30986bd,mulesoft,2025-10-05
1759453389000,a42b61e,salescloud,2025-10-03
1760029842000,eca6777,salescloud,2025-10-09
1760088065000,8768be9,tableau,2025-10-10
1759546489000,8ce252a,manufacturingcloud,2025-10-04
1759644788000,dfd4c89,datacloud,2025-10-05
1759719884000,8f80a90,slack,2025-10-06
1761178535000,f75f133,salescloud,2025-10-23
1759779552000,7c9c5a3,mulesoft,2025-10-06
1760918485000,2ee21b8,mulesoft,2025-10-20
1759525022000,d171aff,manufacturingcloud,2025-10-03
1759602820000,44df4a5,slack,2025-10-04
1760538891000,186f460,tableau,2025-10-15
1761193048000,34b1bf5,manufacturingcloud,2025-10-23
1761543645000,435adf0,marketingcloud,2025-10-27
1760873212000,22794be,slack,2025-10-19
1760851779000,217dd16,marketingcloud,2025-10-19
1760319134000,b3a2ac5,slack,2025-10-13
1760763741000,40377bd,slack,2025-10-18
1760292570000,e2754e6,datacloud,2025-10-12
1759870574000,d545928,mulesoft,2025-10-07
1759421788000,c2d35fd,marketingcloud,2025-10-02
1760095162000,5eb46c8,mulesoft,2025-10-10
1760602635000,be4f31c,salescloud,2025-10-16
1761666158000,467472a,mulesoft,2025-10-28
1760245598000,11856b7,salescloud,2025-10-12
1759947877000,538d1f7,slack,2025-10-08
1759931702000,4c6a07f,mulesoft,2025-10-08
1759397118000,7256924,salescloud,2025-10-02
1759514126000,ec64ce9,healthcloud,2025-10-03
1761112579000,2c0ee42,salescloud,2025-10-22
1761624083000,c5cf4b6,datacloud,2025-10-28
1760216599000,a4ffacc,datacloud,2025-10-11
1761455158000,d8130c8,manufacturingcloud,2025-10-26
1759772018000,f6c3679,healthcloud,2025-10-06
1760633307000,79679e8,datacloud,2025-10-16
1760435037000,9d29048,slack,2025-10-14
1760383478000,82c7ecc,tableau,2025-10-13
1759751000000,e1a28bb,marketingcloud,2025-10-06
1760143258000,a940ac9,mulesoft,2025-10-11
1760885604000,aed4dfe,salescloud,2025-10-19
1759977161000,20456af,slack,2025-10-09
1760766325000,f429d03,healthcloud,2025-10-18
1761660576000,c0721f9,salescloud,2025-10-28
1759703799000,9a19890,manufacturingcloud,2025-10-05
1759360598000,5b0b860,tableau,2025-10-01
1760238896000,2dd7ab1,tableau,2025-10-12
1761568694000,9ac71f8,salescloud,2025-10-27
1761669665000,f191456,healthcloud,2025-10-28
1760068954000,10ce532,servicecloud,2025-10-10
1761139002000,c7a2a7d,salescloud,2025-10-22
1760773703000,d9f5736,datacloud,2025-10-18
1761694799000,d7f3780,mulesoft,2025-10-28
1761233674000,838cdf1,healthcloud,2025-10-23
1759723573000,1839b17,servicecloud,2025-10-06
1759691304000,6584714,slack,2025-10-05
1759660746000,b0d3719,healthcloud,2025-10-05
1760683547000,10ac7a3,healthcloud,2025-10-17
1760907410000,876ee7c,healthcloud,2025-10-19
1761199885000,d71c587,healthcloud,2025-10-23
1759321897000,1692d73,tableau,2025-10-01
1760050431000,759b50a,healthcloud,2025-10-09
1759721011000,2fcc3f8,mulesoft,2025-10-06
1759560134000,de6bb9f,tableau,2025-10-04
1761138242000,6d8b118,tableau,2025-10-22
1761802064000,506d63d,mulesoft,2025-10-30
1759962240000,02e5c82,healthcloud,2025-10-08
1760564850000,4e55812,slack,2025-10-15
1761268901000,81871e1,servicecloud,2025-10-24
1761121181000,6532b0f,servicecloud,2025-10-22
1761104737000,e8a5f55,servicecloud,2025-10-22
1759299194000,333c4f3,salescloud,2025-10-01
1759851970000,5483aeb,manufacturingcloud,2025-10-07
1759835765000,c879cb7,salescloud,2025-10-07
1760072831000,0975fee,servicecloud,2025-10-10
1760192721000,1ef31f4,manufacturingcloud,2025-10-11
1761095716000,47f0bbb,servicecloud,2025-10-22
1761128782000,dddcc77,datacloud,2025-10-22
1760129643000,e18da81,tableau,2025-10-10
1761836998000,17cebc1,datacloud,2025-10-30
1760662470000,90ff518,manufacturingcloud,2025-10-17
1759713523000,cfd4ccb,marketingcloud,2025-10-06
1759276978000,c5fdf9e,manufacturingcloud,2025-10-01
1759780268000,562db60,tableau,2025-10-06
1760985789000,a42e7e0,mulesoft,2025-10-20
1761120408000,15e6254,marketingcloud,2025-10-22
1761522529000,9e24d84,mulesoft,2025-10-26
1759917756000,82d3278,marketingcloud,2025-10-08
1761700556000,b2c7c40,tableau,2025-10-29
1760147801000,a2c57c2,tableau,2025-10-11
1759334647000,686c01c,salescloud,2025-10-01
1760049062000,64e9c47,manufacturingcloud,2025-10-09
1759450826000,2c37e00,datacloud,2025-10-03
1761403784000,1af16dd,healthcloud,2025-10-25
1760793016000,8758d89,salescloud,2025-10-18
1760399009000,fcbc0e9,healthcloud,2025-10-13
1760430407000,2ad2550,salescloud,2025-10-14
1760490153000,14a853c,healthcloud,2025-10-15
1761195441000,d86930a,marketingcloud,2025-10-23
1760857966000,cbe3413,slack,2025-10-19
1761761391000,27188fe,salescloud,2025-10-29
1760105891000,672a422,servicecloud,2025-10-10
1759591853000,3986b87,datacloud,2025-10-04
1761074140000,611d653,salescloud,2025-10-21
1760796517000,60177d9,healthcloud,2025-10-18
1761571971000,dfdd185,manufacturingcloud,2025-10-27
1760082773000,f86621b,tableau,2025-10-10
1760021700000,e7d716c,slack,2025-10-09
1760757083000,dd6677d,tableau,2025-10-18
1761136109000,362fc09,slack,2025-10-22
1760633240000,c9e2a82,servicecloud,2025-10-16
1759413012000,3bb7810,healthcloud,2025-10-02
1759831418000,c3af713,datacloud,2025-10-07
1760853789000,7e7ae43,servicecloud,2025-10-19
1760506560000,71b3b65,manufacturingcloud,2025-10-15
1759728662000,c58d67a,slack,2025-10-06
1760251763000,e34e9b9,manufacturingcloud,2025-10-12
1760645320000,c13db6a,marketingcloud,2025-10-16
1761631535000,fbddb7a,tableau,2025-10-28
1760030936000,bb13972,marketingcloud,2025-10-09
1760204487000,9b52d8a,manufacturingcloud,2025-10-11
1760721389000,c1007c6,marketingcloud,2025-10-17
1760477205000,fc5d42b,datacloud,2025-10-14
1760834769000,7d7bea2,marketingcloud,2025-10-19
1759711364000,aa54853,healthcloud,2025-10-06
1759830527000,c126851,salescloud,2025-10-07
1761258348000,7a22376,marketingcloud,2025-10-23
1760784701000,3a67362,manufacturingcloud,2025-10-18
1761618036000,1d7ad46,salescloud,2025-10-28
1760656483000,b12b0d0,marketingcloud,2025-10-16
1759462495000,d53b9a4,tableau,2025-10-03
1761814924000,6db5071,healthcloud,2025-10-30
1760252238000,25958f2,datacloud,2025-10-12
1761239857000,e5ee300,datacloud,2025-10-23
1760913525000,54f8606,servicecloud,2025-10-19
1760300138000,f07cb4d,mulesoft,2025-10-12
1760375678000,19dda32,manufacturingcloud,2025-10-13
1761139566000,d417b2b,healthcloud,2025-10-22
1759508858000,46466ed,marketingcloud,2025-10-03
1760060251000,ee24fef,datacloud,2025-10-10
1759612257000,0d2f039,mulesoft,2025-10-04
