ts,event_id,session_id,user_id,product_id,ds
1759775776000,3de0311,fa7ca22,user_8,manufacturingcloud,2025-10-06
1760186267000,ab22421,2141425,user_3,salescloud,2025-10-11
1761132822000,e5c00ee,dc66929,user_9,datacloud,2025-10-22
1760284533000,d88cd69,f08156a,user_9,salescloud,2025-10-12
1761524562000,5535af5,f08156a,user_9,salescloud,2025-10-27
1761694717000,fa2a4f7,7386ea4,user_3,servicecloud,2025-10-28
1760541753000,d69530e,ec64d4b,user_6,marketingcloud,2025-10-15
1761663666000,cd0c3f0,7386ea4,user_5,manufacturingcloud,2025-10-28
1760679920000,2c9f7ad,2141425,user_4,mulesoft,2025-10-17
1760938867000,490c112,5a17c0a,user_9,mulesoft,2025-10-20
1759685572000,49caf0c,fa7ca22,user_1,marketingcloud,2025-10-05
1760274685000,f17d319,a98e290,user_2,healthcloud,2025-10-12
1761378938000,c5c8d25,ec64d4b,user_6,marketingcloud,2025-10-25
1760169721000,51fb39f,f08156a,user_6,marketingcloud,2025-10-11
1759519005000,a7f12af,7386ea4,user_1,mulesoft,2025-10-03
1759795813000,bed2608,5a17c0a,user_10,manufacturingcloud,2025-10-07
1759897286000,fd38f48,2141425,user_4,tableau,2025-10-08
1760291207000,455305f,ec64d4b,user_7,servicecloud,2025-10-12
1760981144000,b1caffc,ec64d4b,user_1,tableau,2025-10-20
1760706354000,536ad3e,2fcec77,user_7,tableau,2025-10-17
1761550632000,9bca2d0,2141425,user_9,healthcloud,2025-10-27
1761439307000,1781173,fa7ca22,user_9,manufacturingcloud,2025-10-26
1759632880000,a50f975,2141425,user_7,marketingcloud,2025-10-05
1759459877000,ee20ce7,5a17c0a,user_7,datacloud,2025-10-03
1760475432000,2b4c69c,7386ea4,user_10,marketingcloud,2025-10-14
1759552651000,354d3a4,4a0dd10,user_5,healthcloud,2025-10-04
1759536394000,9958515,f08156a,user_8,tableau,2025-10-04
1759623351000,1aceb54,2fcec77,user_8,salescloud,2025-10-05
1760348252000,bef39fd,2141425,user_10,healthcloud,2025-10-13
1761288243000,f0498ad,fa7ca22,user_4,datacloud,2025-10-24
1759934305000,e3f3c96,f08156a,user_7,manufacturingcloud,2025-10-08
1761608292000,0efd023,dc66929,user_8,tableau,2025-10-27
1759756860000,944a248,ec64d4b,user_9,salescloud,2025-10-06
1761237860000,83d7da6,7386ea4,user_10,salescloud,2025-10-23
1759374008000,5983ab2,7386ea4,user_3,servicecloud,2025-10-02
1759838121000,719e286,5a17c0a,user_8,servicecloud,2025-10-07
1760067679000,95c8536,5a17c0a,user_1,servicecloud,2025-10-10
1760675790000,13d073c,ec64d4b,user_4,tableau,2025-10-17
1760209251000,6fcaf05,2141425,user_3,manufacturingcloud,2025-10-11
1759509359000,d0b633e,2141425,user_10,servicecloud,2025-10-03
1760632465000,6014436,4a0dd10,user_7,mulesoft,2025-10-16
1760092866000,f3a58d3,2141425,user_2,healthcloud,2025-10-10
1761480570000,47c9b9e,fa7ca22,user_10,marketingcloud,2025-10-26
1761856184000,16078ca,4a0dd10,user_8,datacloud,2025-10-30
1760241491000,9429dd2,5a17c0a,user_5,tableau,2025-10-12
1760172196000,8b57b67,4a0dd10,user_4,slack,2025-10-11
1760122899000,a4649d7,7386ea4,user_10,tableau,2025-10-10
1760430717000,946d5ab,ec64d4b,user_7,tableau,2025-10-14
1761258596000,c0a29b0,ec64d4b,user_4,slack,2025-10-23
1759688420000,6eafdef,5a17c0a,user_7,manufacturingcloud,2025-10-05
1760207124000,3f8f73c,dc66929,user_4,servicecloud,2025-10-11
1759661850000,3570aeb,2fcec77,user_3,datacloud,2025-10-05
1759927720000,45f0ab8,fa7ca22,user_9,slack,2025-10-08
1759419454000,9442de2,dc66929,user_3,mulesoft,2025-10-02
1760197996000,7017c3b,fa7ca22,user_8,healthcloud,2025-10-11
1761740827000,42668d7,fa7ca22,user_2,slack,2025-10-29
1760700236000,2449662,fa7ca22,user_1,manufacturingcloud,2025-10-17
1759457020000,3092c6e,dc66929,user_9,salescloud,2025-10-03
1760380096000,e75c89c,ec64d4b,user_4,marketingcloud,2025-10-13
1761696958000,34b23ca,7386ea4,user_4,servicecloud,2025-10-29
1759277746000,08059c2,2141425,user_3,servicecloud,2025-10-01
1760531438000,f911b60,4a0dd10,user_2,marketingcloud,2025-10-15
1760379968000,f421b82,2141425,user_7,datacloud,2025-10-13
1759498963000,3e503fe,dc66929,user_3,salescloud,2025-10-03
1761111088000,af5b5ff,f08156a,user_7,datacloud,2025-10-22
1760873952000,fd7f289,dc66929,user_9,mulesoft,2025-10-19
1760440161000,aec9bbf,2fcec77,user_8,manufacturingcloud,2025-10-14
1761696040000,5941dab,2fcec77,user_3,slack,2025-10-29
1759819544000,0c3a0b1,2fcec77,user_8,salescloud,2025-10-07
1760570922000,f0d19b0,2fcec77,user_7,manufacturingcloud,2025-10-15
1760290649000,37b67eb,5a17c0a,user_2,marketingcloud,2025-10-12
1760263846000,b852b3d,7386ea4,user_10,healthcloud,2025-10-12
1759907236000,a52986e,4a0dd10,user_3,slack,2025-10-08
1759808859000,1557e09,5a17c0a,user_7,salescloud,2025-10-07
1761521022000,2a4e1a4,f08156a,user_6,healthcloud,2025-10-26
1761648503000,bb57055,5a17c0a,user_10,datacloud,2025-10-28
1760687452000,985d47d,2fcec77,user_5,manufacturingcloud,2025-10-17
1760280233000,fc9cfb0,2141425,user_4,servicecloud,2025-10-12
1761468461000,f0b3393,dc66929,user_4,healthcloud,2025-10-26
1760025351000,7d8f7a9,5a17c0a,user_5,servicecloud,2025-10-09
1761360285000,7f3bb34,2141425,user_6,marketingcloud,2025-10-25
1760399130000,9311660,a98e290,user_5,servicecloud,2025-10-13
1759734415000,1a86a3d,f08156a,user_1,datacloud,2025-10-06
1761825191000,17ee884,4a0dd10,user_3,tableau,2025-10-30
1760724509000,0b91499,f08156a,user_2,healthcloud,2025-10-17
1761109816000,aa27863,2fcec77,user_6,manufacturingcloud,2025-10-22
1761616585000,94dcbfe,ec64d4b,user_1,mulesoft,2025-10-28
1761569443000,577db31,4a0dd10,user_10,servicecloud,2025-10-27
1761844725000,7d9df73,4a0dd10,user_4,slack,2025-10-30
1759298597000,6d0ba9f,2141425,user_9,servicecloud,2025-10-01
1761717204000,b874fc4,5a17c0a,user_1,marketingcloud,2025-10-29
1759856242000,f700630,5a17c0a,user_6,datacloud,2025-10-07
1760575197000,3f055e4,2fcec77,user_8,mulesoft,2025-10-16
1760821057000,e72b550,2141425,user_5,tableau,2025-10-18
1761205492000,959ee1f,2141425,user_7,manufacturingcloud,2025-10-23
1761323304000,3c6b735,f08156a,user_4,datacloud,2025-10-24
1760099210000,45647ca,2141425,user_6,healthcloud,2025-10-10
1759403163000,31f0841,dc66929,user_7,marketingcloud,2025-10-02
1760286418000,c4d5cfd,4a0dd10,user_4,mulesoft,2025-10-12
1760478488000,a32a7c2,7386ea4,user_4,servicecloud,2025-10-14
1760153653000,9716e2d,4a0dd10,user_10,marketingcloud,2025-10-11
1760707274000,f714e5e,f08156a,user_2,healthcloud,2025-10-17
1759788347000,f74ead0,fa7ca22,user_1,tableau,2025-10-06
1760687234000,b1d05a2,a98e290,user_2,manufacturingcloud,2025-10-17
1761197624000,e7d6ccf,dc66929,user_3,salescloud,2025-10-23
1760639725000,726b2a1,2141425,user_8,healthcloud,2025-10-16
1761698711000,991cc31,a98e290,user_10,datacloud,2025-10-29
1761112181000,91ee2e8,f08156a,user_10,salescloud,2025-10-22
1759609984000,a9ff35e,7386ea4,user_2,slack,2025-10-04
1760281795000,0be5c6d,5a17c0a,user_10,healthcloud,2025-10-12
1759645533000,87aed35,a98e290,user_6,tableau,2025-10-05
1761614894000,7b9d374,2fcec77,user_3,healthcloud,2025-10-28
1761619154000,85c96f7,7386ea4,user_8,healthcloud,2025-10-28
1761819255000,492b97d,2141425,user_6,tableau,2025-10-30
1760211162000,5ae59d3,a98e290,user_5,tableau,2025-10-11
1760056145000,82c4081,2141425,user_3,marketingcloud,2025-10-10
1759736999000,a028790,ec64d4b,user_7,healthcloud,2025-10-06
1759939905000,93bfe30,a98e290,user_1,mulesoft,2025-10-08
1759321050000,989436e,fa7ca22,user_5,slack,2025-10-01
1759892966000,a44bde5,fa7ca22,user_3,manufacturingcloud,2025-10-08
1760690150000,159ba7c,2fcec77,user_8,slack,2025-10-17
1760398614000,8277e0d,5a17c0a,user_5,manufacturingcloud,2025-10-13
1759398036000,da7f79e,2141425,user_7,tableau,2025-10-02
1760701325000,f94cacb,5a17c0a,user_1,slack,2025-10-17
1760424600000,a8c9896,2fcec77,user_9,healthcloud,2025-10-14
1761017222000,3f27505,a98e290,user_9,mulesoft,2025-10-21
1759524564000,0926e42,f08156a,user_6,marketingcloud,2025-10-03
1759624634000,cd1c1dc,dc66929,user_10,datacloud,2025-10-05
1760585606000,1ef3e51,2fcec77,user_8,salescloud,2025-10-16
1759310356000,35962e5,ec64d4b,user_4,manufacturingcloud,2025-10-01
1761604917000,f13c79e,dc66929,user_4,datacloud,2025-10-27
1761463716000,fc0aadc,2141425,user_1,servicecloud,2025-10-26
1759429520000,bcbcfe3,2141425,user_4,marketingcloud,2025-10-02
1760795647000,9ec9d10,dc66929,user_1,servicecloud,2025-10-18
1760479448000,d0a98f8,2fcec77,user_2,mulesoft,2025-10-14
1759485229000,2ce0ebf,f08156a,user_6,servicecloud,2025-10-03
1760555695000,4b9b8b1,f08156a,user_8,healthcloud,2025-10-15
1760221498000,55c6d31,5a17c0a,user_4,manufacturingcloud,2025-10-11
1761193215000,707186d,dc66929,user_5,manufacturingcloud,2025-10-23
1759526153000,2bbe64f,fa7ca22,user_8,manufacturingcloud,2025-10-03
1760531248000,329262c,4a0dd10,user_9,mulesoft,2025-10-15
1760212974000,d9c7759,a98e290,user_3,datacloud,2025-10-11
1760833664000,54eddb9,5a17c0a,user_3,marketingcloud,2025-10-19
1760221416000,ace5b91,fa7ca22,user_5,slack,2025-10-11
1759453311000,404f745,a98e290,user_10,tableau,2025-10-03
1760336118000,1349597,4a0dd10,user_2,marketingcloud,2025-10-13
1761209405000,a0080d7,fa7ca22,user_4,marketingcloud,2025-10-23
1760810255000,ab628d2,4a0dd10,user_5,mulesoft,2025-10-18
1760584017000,b843588,fa7ca22,user_4,datacloud,2025-10-16
1761182915000,16b7ad1,fa7ca22,user_2,tableau,2025-10-23
1760715264000,dd2406c,dc66929,user_3,tableau,2025-10-17
1761108349000,e39db0d,2fcec77,user_8,marketingcloud,2025-10-22
1759941987000,f0c53f3,2fcec77,user_9,datacloud,2025-10-08
1760680576000,8c862d5,4a0dd10,user_9,tableau,2025-10-17
1759928761000,8cd1336,fa7ca22,user_9,salescloud,2025-10-08
1760619643000,9d28bfb,2fcec77,user_4,servicecloud,2025-10-16
1760487100000,76db5bf,fa7ca22,user_9,servicecloud,2025-10-15
1759491474000,b1be8a5,4a0dd10,user_7,tableau,2025-10-03
1759331703000,0f53645,2fcec77,user_4,healthcloud,2025-10-01
1759369548000,e730f42,a98e290,user_4,manufacturingcloud,2025-10-02
1760199857000,fc70fc9,dc66929,user_10,marketingcloud,2025-10-11
1761284261000,187eb24,a98e290,user_2,salescloud,2025-10-24
1760073582000,28bf156,4a0dd10,user_1,datacloud,2025-10-10
1759774004000,d5c5515,fa7ca22,user_7,salescloud,2025-10-06
1761039885000,0aab233,2141425,user_8,marketingcloud,2025-10-21
1760322549000,898caaf,ec64d4b,user_7,healthcloud,2025-10-13
1761734329000,0638891,a98e290,user_10,tableau,2025-10-29
1761250573000,444a177,5a17c0a,user_4,marketingcloud,2025-10-23
1759501821000,3ff0a0c,f08156a,user_2,slack,2025-10-03
1759764448000,948aea8,dc66929,user_5,slack,2025-10-06
1761242606000,f0a99ba,2fcec77,user_10,manufacturingcloud,2025-10-23
1760432190000,03516be,5a17c0a,user_2,salescloud,2025-10-14
1760263215000,af0ea06,ec64d4b,user_4,mulesoft,2025-10-12
1761657279000,339c3ab,fa7ca22,user_6,tableau,2025-10-28
1761335329000,03dff60,fa7ca22,user_3,manufacturingcloud,2025-10-24
1759671168000,991b9ea,fa7ca22,user_1,mulesoft,2025-10-05
1759642930000,21db13d,2141425,user_4,slack,2025-10-05
1759669621000,03b08c6,2141425,user_7,manufacturingcloud,2025-10-05
1759472600000,c35b6dd,4a0dd10,user_2,manufacturingcloud,2025-10-03
1761126823000,f468427,ec64d4b,user_5,healthcloud,2025-10-22
1761363953000,bb56fec,a98e290,user_1,servicecloud,2025-10-25
1760403433000,059d04b,4a0dd10,user_3,datacloud,2025-10-14
1760662831000,de39e8d,ec64d4b,user_1,healthcloud,2025-10-17
1760731614000,6557a00,dc66929,user_1,datacloud,2025-10-17
1761175717000,3c74184,7386ea4,user_7,mulesoft,2025-10-22
1761012132000,013e8ee,dc66929,user_3,healthcloud,2025-10-21
1761243210000,b39269a,fa7ca22,user_3,manufacturingcloud,2025-10-23
1761865878000,9862967,fa7ca22,user_7,mulesoft,2025-10-30
1761129256000,a8bb8e4,5a17c0a,user_7,mulesoft,2025-10-22
1759480248000,465d878,5a17c0a,user_5,datacloud,2025-10-03
1761563695000,d7c0aa7,4a0dd10,user_4,healthcloud,2025-10-27
1761718406000,b631d92,2fcec77,user_7,manufacturingcloud,2025-10-29
1759927570000,ac46d5f,2fcec77,user_6,mulesoft,2025-10-08
1759690539000,c44efe0,ec64d4b,user_7,servicecloud,2025-10-05
1760843364000,81e6d2e,fa7ca22,user_2,manufacturingcloud,2025-10-19
1761691293000,c1224f4,fa7ca22,user_8,mulesoft,2025-10-28
1760689376000,195661a,a98e290,user_4,datacloud,2025-10-17
1760641059000,2f1c1f3,4a0dd10,user_6,healthcloud,2025-10-16
1760387634000,127388c,5a17c0a,user_5,slack,2025-10-13
1761537380000,918109b,f08156a,user_7,servicecloud,2025-10-27
1760524349000,698a563,4a0dd10,user_10,tableau,2025-10-15
1759430681000,a0285ce,f08156a,user_5,servicecloud,2025-10-02
1760896180000,05fd036,f08156a,user_8,slack,2025-10-19
1760615987000,27f7b22,fa7ca22,user_3,servicecloud,2025-10-16
1761189221000,6e39e57,fa7ca22,user_4,manufacturingcloud,2025-10-23
1760441531000,4e0504f,f08156a,user_4,manufacturingcloud,2025-10-14
1759608532000,c9f32f7,fa7ca22,user_3,servicecloud,2025-10-04
1761350537000,8b6a82a,dc66929,user_10,healthcloud,2025-10-25
1760318062000,a99753b,4a0dd10,user_10,marketingcloud,2025-10-13
1759344515000,834a446,4a0dd10,user_3,healthcloud,2025-10-01
1759470595000,4af7c2d,5a17c0a,user_8,mulesoft,2025-10-03
1760750485000,5d2ca5f,f08156a,user_5,datacloud,2025-10-18
1760438446000,55281e5,5a17c0a,user_4,tableau,2025-10-14
1760705077000,3e33986,a98e290,user_10,datacloud,2025-10-17
1760019265000,ce77f56,fa7ca22,user_7,manufacturingcloud,2025-10-09
1759895971000,4595c7a,4a0dd10,user_8,marketingcloud,2025-10-08
1759474277000,74029c7,dc66929,user_3,salescloud,2025-10-03
1760844214000,7b67dbb,fa7ca22,user_1,servicecloud,2025-10-19
1759300384000,e57d705,ec64d4b,user_4,datacloud,2025-10-01
1760626137000,c70fb4d,5a17c0a,user_6,marketingcloud,2025-10-16
1761038644000,84b707a,dc66929,user_1,healthcloud,2025-10-21
1759347108000,715dbc8,ec64d4b,user_4,tableau,2025-10-01
1759659800000,27dcc51,a98e290,user_10,healthcloud,2025-10-05
1761557346000,88634cc,2141425,user_1,slack,2025-10-27
1759802551000,8578b91,7386ea4,user_1,manufacturingcloud,2025-10-07
1760670172000,470d854,2fcec77,user_6,servicecloud,2025-10-17
1761537301000,3509c9e,4a0dd10,user_1,servicecloud,2025-10-27
1761763285000,26ff009,dc66929,user_7,healthcloud,2025-10-29
1761405551000,6770dec,a98e290,user_7,slack,2025-10-25
1761487862000,4c6051a,7386ea4,user_8,mulesoft,2025-10-26
1761185146000,6677d37,5a17c0a,user_6,servicecloud,2025-10-23
1759327602000,9cf703c,5a17c0a,user_6,tableau,2025-10-01
1760152473000,5d9ce17,4a0dd10,user_5,tableau,2025-10-11
1761696662000,1b6fbe3,f08156a,user_6,servicecloud,2025-10-29
1760316893000,2476bfd,7386ea4,user_7,marketingcloud,2025-10-13
1760365154000,c14d10d,a98e290,user_8,marketingcloud,2025-10-13
1761284612000,321aabb,2141425,user_8,manufacturingcloud,2025-10-24
1759305027000,f837670,ec64d4b,user_2,salescloud,2025-10-01
1760616192000,8cd8aa6,a98e290,user_5,tableau,2025-10-16
1761025449000,9f855ae,a98e290,user_5,slack,2025-10-21
1759942315000,c61e1a0,a98e290,user_4,datacloud,2025-10-08
1760943372000,d598ce0,4a0dd10,user_1,salescloud,2025-10-20
1760386061000,58da6e2,2141425,user_5,tableau,2025-10-13
1759458159000,8270922,4a0dd10,user_10,healthcloud,2025-10-03
1759622141000,9843a9c,7386ea4,user_5,healthcloud,2025-10-04
1759682784000,9790cb0,ec64d4b,user_10,salescloud,2025-10-05
1761138317000,3e3c42c,fa7ca22,user_1,manufacturingcloud,2025-10-22
1759387161000,3478de5,fa7ca22,user_5,manufacturingcloud,2025-10-02
1761460745000,0f1ecb6,2141425,user_10,salescloud,2025-10-26
1760761354000,dc9bc13,2141425,user_8,salescloud,2025-10-18
1760674518000,106fe9b,2141425,user_2,slack,2025-10-17
1761746317000,d08d583,2141425,user_3,datacloud,2025-10-29
1760812198000,39ac4c0,f08156a,user_9,healthcloud,2025-10-18
1760255963000,5bf8ba9,ec64d4b,user_3,manufacturingcloud,2025-10-12
1760531168000,4a75998,4a0dd10,user_1,datacloud,2025-10-15
1760963839000,9553bac,5a17c0a,user_10,healthcloud,2025-10-20
1760267922000,64654ff,fa7ca22,user_10,datacloud,2025-10-12
1760597968000,7ae8bd7,5a17c0a,user_8,healthcloud,2025-10-16
1760169304000,8a26cc7,f08156a,user_4,mulesoft,2025-10-11
1761144860000,8bebfcd,5a17c0a,user_9,datacloud,2025-10-22
1760816794000,5a46c7a,7386ea4,user_7,healthcloud,2025-10-18
1759361102000,44f11ca,2fcec77,user_10,mulesoft,2025-10-01
1759328367000,717a0eb,dc66929,user_7,slack,2025-10-01
1761713309000,fdbe7c3,4a0dd10,user_2,healthcloud,2025-10-29
1760935954000,ce8e522,2fcec77,user_8,datacloud,2025-10-20
1759409578000,663f244,a98e290,user_7,healthcloud,2025-10-02
1759703321000,61322c5,4a0dd10,user_8,servicecloud,2025-10-05
1760259373000,a5fe204,5a17c0a,user_1,slack,2025-10-12
1761694259000,a46c56d,2fcec77,user_9,slack,2025-10-28
1761149990000,45b9341,a98e290,user_10,mulesoft,2025-10-22
1759589000000,18f2d6f,f08156a,user_9,healthcloud,2025-10-04
1759520854000,9ae304e,4a0dd10,user_3,mulesoft,2025-10-03
1759804424000,528696b,4a0dd10,user_7,slack,2025-10-07
1759705826000,28a369d,5a17c0a,user_3,slack,2025-10-05
1760363962000,8093c47,fa7ca22,user_3,salescloud,2025-10-13
1761253549000,1b5c9a1,7386ea4,user_10,mulesoft,2025-10-23
1759623450000,fa506d5,5a17c0a,user_5,salescloud,2025-10-05
1760734967000,342935f,dc66929,user_4,salescloud,2025-10-17
1760794909000,92519c2,4a0dd10,user_8,healthcloud,2025-10-18
1760738957000,b181eaa,2141425,user_2,salescloud,2025-10-17
1760918827000,c831ec0,2141425,user_9,slack,2025-10-20
1759515920000,c87ecd4,2fcec77,user_8,marketingcloud,2025-10-03
1759988267000,1767842,dc66929,user_8,mulesoft,2025-10-09
1761316761000,0645cde,5a17c0a,user_1,datacloud,2025-10-24
1759584976000,e36d47d,2fcec77,user_7,slack,2025-10-04
1759298791000,4d2c020,5a17c0a,user_3,salescloud,2025-10-01
1759962865000,53c189d,7386ea4,user_8,salescloud,2025-10-08
1760719915000,c36dbd5,7386ea4,user_8,salescloud,2025-10-17
1760946804000,2c3da94,dc66929,user_8,marketingcloud,2025-10-20
1760561055000,0fc999f,2141425,user_8,manufacturingcloud,2025-10-15
1761810081000,50a0d02,2141425,user_4,tableau,2025-10-30
1760099830000,8ff522d,a98e290,user_1,manufacturingcloud,2025-10-10
1760897039000,873b5f6,7386ea4,user_2,tableau,2025-10-19
1760330948000,3e3d3ee,fa7ca22,user_1,healthcloud,2025-10-13
1761757400000,cc38dd5,2fcec77,user_10,slack,2025-10-29
1760340072000,3b9930f,ec64d4b,user_4,datacloud,2025-10-13
1760328839000,2987a00,a98e290,user_2,tableau,2025-10-13
1760041816000,9cff0e5,7386ea4,user_3,datacloud,2025-10-09
1761622247000,8e69be4,2fcec77,user_6,servicecloud,2025-10-28
1760040873000,fee5e97,f08156a,user_4,mulesoft,2025-10-09
1761619896000,96f386b,fa7ca22,user_2,datacloud,2025-10-28
1760206772000,9cf2763,5a17c0a,user_3,tableau,2025-10-11
1761077879000,f2f4165,dc66929,user_8,salescloud,2025-10-21
1760884211000,c682fff,4a0dd10,user_9,tableau,2025-10-19
1760601502000,3cb706c,2141425,user_3,datacloud,2025-10-16
1759992940000,90ee771,a98e290,user_1,datacloud,2025-10-09
1760921026000,193a497,2fcec77,user_1,slack,2025-10-20
1761487423000,af065d4,a98e290,user_4,tableau,2025-10-26
1761565308000,69a81cc,4a0dd10,user_3,mulesoft,2025-10-27
1761070516000,82447d9,ec64d4b,user_10,healthcloud,2025-10-21
1761482870000,c6e3b35,dc66929,user_1,healthcloud,2025-10-26
1761597061000,c6db8b9,2141425,user_10,slack,2025-10-27
1761214988000,bece3ac,2141425,user_10,marketingcloud,2025-10-23
1760445470000,fd08c99,5a17c0a,user_9,marketingcloud,2025-10-14
1759480211000,7dad807,f08156a,user_4,manufacturingcloud,2025-10-03
1759808013000,17ada4c,5a17c0a,user_4,mulesoft,2025-10-07
1761605650000,7b4de42,2fcec77,user_10,servicecloud,2025-10-27
1760575737000,9d0c53d,2fcec77,user_10,healthcloud,2025-10-16
1760518686000,f9da324,fa7ca22,user_7,manufacturingcloud,2025-10-15
1761561789000,4d80619,2fcec77,user_6,mulesoft,2025-10-27
1759825354000,048d0aa,5a17c0a,user_4,healthcloud,2025-10-07
1759602752000,ff3b1af,5a17c0a,user_6,tableau,2025-10-04
1760682102000,127e36f,5a17c0a,user_8,marketingcloud,2025-10-17
1761836374000,791a4f7,f08156a,user_8,salescloud,2025-10-30
1760564066000,2cebe7f,f08156a,user_5,slack,2025-10-15
1760933020000,77f7145,ec64d4b,user_6,slack,2025-10-20
1761196005000,643451b,4a0dd10,user_2,healthcloud,2025-10-23
1761299378000,f94c50a,2141425,user_10,marketingcloud,2025-10-24
1761671583000,36fbe96,fa7ca22,user_9,marketingcloud,2025-10-28
1759782768000,32b1833,a98e290,user_4,tableau,2025-10-06
1760608544000,e8fe806,dc66929,user_4,marketingcloud,2025-10-16
1760393610000,f64f3a2,dc66929,user_1,mulesoft,2025-10-13
1760415471000,8654dcb,2fcec77,user_5,manufacturingcloud,2025-10-14
1760894646000,e63d67c,2141425,user_9,slack,2025-10-19
1759429661000,a800573,a98e290,user_6,tableau,2025-10-02
1760123734000,0a09583,4a0dd10,user_3,marketingcloud,2025-10-10
1759493727000,5e9189d,dc66929,user_6,tableau,2025-10-03
1761219968000,03b5e97,2141425,user_6,marketingcloud,2025-10-23
1759509156000,9e9cbb2,5a17c0a,user_10,servicecloud,2025-10-03
1759998240000,1520744,dc66929,user_3,datacloud,2025-10-09
1760416811000,8279eec,7386ea4,user_2,mulesoft,2025-10-14
1761402075000,2d0ddf3,7386ea4,user_7,mulesoft,2025-10-25
1759460949000,fddd52b,7386ea4,user_5,healthcloud,2025-10-03
1760494557000,4c44041,a98e290,user_3,healthcloud,2025-10-15
1761686948000,85581d4,4a0dd10,user_3,slack,2025-10-28
1760445512000,111caa1,ec64d4b,user_6,marketingcloud,2025-10-14
1760252752000,19b3152,a98e290,user_2,mulesoft,2025-10-12
1760228933000,9cd1c21,2141425,user_10,datacloud,2025-10-12
1759414500000,276c5ee,dc66929,user_9,salescloud,2025-10-02
1759937660000,2a632e7,dc66929,user_1,servicecloud,2025-10-08
1761840474000,8362853,2141425,user_3,servicecloud,2025-10-30
1761512806000,b5b552c,2141425,user_10,salescloud,2025-10-26
1760536989000,1f186ee,5a17c0a,user_10,salescloud,2025-10-15
1759964772000,7822664,7386ea4,user_9,tableau,2025-10-08
1759881901000,9f04246,2fcec77,user_9,datacloud,2025-10-08
1760541164000,c43fc95,dc66929,user_10,servicecloud,2025-10-15
1761007289000,05dcade,fa7ca22,user_5,marketingcloud,2025-10-21
1760885251000,277002f,2141425,user_1,marketingcloud,2025-10-19
1759380011000,d4cf34b,2fcec77,user_7,manufacturingcloud,2025-10-02
1759839323000,0e43d9b,fa7ca22,user_4,marketingcloud,2025-10-07
1761105945000,6aa5be7,4a0dd10,user_2,servicecloud,2025-10-22
1760189973000,fb17a10,a98e290,user_10,salescloud,2025-10-11
1760760514000,350610b,7386ea4,user_5,manufacturingcloud,2025-10-18
1759716725000,0a51217,2fcec77,user_9,salescloud,2025-10-06
1759542635000,4010699,4a0dd10,user_7,healthcloud,2025-10-04
1761192924000,b9edd89,a98e290,user_7,mulesoft,2025-10-23
1759834487000,5d987c9,fa7ca22,user_2,slack,2025-10-07
1761723899000,bd7af53,fa7ca22,user_4,mulesoft,2025-10-29
1760964335000,cd52269,7386ea4,user_2,mulesoft,2025-10-20
1760310025000,b77b251,2fcec77,user_8,healthcloud,2025-10-12
1761609234000,f55b140,2141425,user_3,marketingcloud,2025-10-27
1760017618000,db99c9e,5a17c0a,user_5,mulesoft,2025-10-09
1761721625000,8a3bf99,f08156a,user_10,marketingcloud,2025-10-29
1761492278000,b056be9,2fcec77,user_6,tableau,2025-10-26
1759768272000,e54819b,2141425,user_3,datacloud,2025-10-06
1760569520000,c69b768,a98e290,user_4,servicecloud,2025-10-15
1760579939000,60d5abb,a98e290,user_5,mulesoft,2025-10-16
1760440644000,5fbdf9a,ec64d4b,user_10,mulesoft,2025-10-14
1761018413000,2de91b5,a98e290,user_5,manufacturingcloud,2025-10-21
1761123826000,e5cd3cd,2fcec77,user_10,marketingcloud,2025-10-22
1761154863000,e2e89b3,2141425,user_2,manufacturingcloud,2025-10-22
1760807233000,f6cb311,a98e290,user_9,slack,2025-10-18
1761536086000,392d924,ec64d4b,user_4,marketingcloud,2025-10-27
1759341444000,367824a,7386ea4,user_2,slack,2025-10-01
1761254181000,f338d00,2fcec77,user_1,manufacturingcloud,2025-10-23
1761708401000,86f82f0,4a0dd10,user_6,healthcloud,2025-10-29
1760395031000,a157b80,f08156a,user_6,datacloud,2025-10-13
1760603706000,c69321c,ec64d4b,user_1,manufacturingcloud,2025-10-16
1759716824000,72a8370,ec64d4b,user_8,slack,2025-10-06
1761755760000,2ef339a,5a17c0a,user_8,salescloud,2025-10-29
1759617931000,1cac301,5a17c0a,user_7,servicecloud,2025-10-04
1759744930000,6c076c4,2141425,user_9,tableau,2025-10-06
1761855576000,3160f06,7386ea4,user_2,datacloud,2025-10-30
1760507832000,6a986f5,dc66929,user_8,marketingcloud,2025-10-15
1761510367000,c1eac37,fa7ca22,user_7,servicecloud,2025-10-26
1761148819000,a2b8cb6,f08156a,user_6,manufacturingcloud,2025-10-22
1761224697000,fc65fdc,dc66929,user_6,mulesoft,2025-10-23
1761609044000,b7bd437,f08156a,user_8,healthcloud,2025-10-27
1760755404000,9b7ad7c,2141425,user_5,tableau,2025-10-18
1759478811000,d7ecd13,ec64d4b,user_2,servicecloud,2025-10-03
1760210724000,b7eef1e,5a17c0a,user_4,slack,2025-10-11
1760571987000,e13d94e,4a0dd10,user_9,tableau,2025-10-15
1759595572000,f3a6db2,ec64d4b,user_8,servicecloud,2025-10-04
1760887273000,eadac47,a98e290,user_8,marketingcloud,2025-10-19
1761328128000,aadc753,a98e290,user_6,salescloud,2025-10-24
1760582330000,c5e74e7,2fcec77,user_1,marketingcloud,2025-10-16
1759430339000,c9d3001,dc66929,user_7,slack,2025-10-02
1761724048000,0f5373f,fa7ca22,user_4,salescloud,2025-10-29
1761074565000,18551c9,ec64d4b,user_2,slack,2025-10-21
1760915653000,06e250c,5a17c0a,user_4,healthcloud,2025-10-19
1761732755000,6bc0021,5a17c0a,user_1,servicecloud,2025-10-29
1759398067000,1b9c430,dc66929,user_6,salescloud,2025-10-02
1761177887000,3022af4,ec64d4b,user_4,salescloud,2025-10-23
1760539907000,f56b484,2fcec77,user_9,marketingcloud,2025-10-15
1761370609000,156820e,2141425,user_2,datacloud,2025-10-25
1759757129000,5cf61e6,7386ea4,user_7,datacloud,2025-10-06
1761033306000,637cbe9,7386ea4,user_10,marketingcloud,2025-10-21
1760026452000,d6810c1,2fcec77,user_5,datacloud,2025-10-09
1759783959000,bc30004,7386ea4,user_2,mulesoft,2025-10-06
1761589533000,3f74696,ec64d4b,user_8,slack,2025-10-27
1760339642000,ef1a79d,ec64d4b,user_6,salescloud,2025-10-13
1760245647000,0607d70,fa7ca22,user_3,manufacturingcloud,2025-10-12
1761306397000,3e08528,2141425,user_2,slack,2025-10-24
1760574120000,e6ff7cf,5a17c0a,user_7,servicecloud,2025-10-16
1761011922000,2feb88e,5a17c0a,user_5,manufacturingcloud,2025-10-21
1761201447000,ba3821a,fa7ca22,user_6,manufacturingcloud,2025-10-23
1760419816000,2f2bdbe,7386ea4,user_7,manufacturingcloud,2025-10-14
1760811437000,28b0547,4a0dd10,user_9,marketingcloud,2025-10-18
1761703879000,25b1938,7386ea4,user_4,tableau,2025-10-29
1761856536000,5c01a07,7386ea4,user_6,datacloud,2025-10-30
1760063953000,414d31b,2141425,user_4,mulesoft,2025-10-10
1759840593000,35426b0,5a17c0a,user_5,salescloud,2025-10-07
1761526775000,40feaf4,f08156a,user_6,slack,2025-10-27
1761606395000,65038b3,2fcec77,user_6,salescloud,2025-10-27
1761569190000,0269b4e,a98e290,user_5,manufacturingcloud,2025-10-27
1761049919000,7b15ba3,2fcec77,user_9,marketingcloud,2025-10-21
1760414765000,e952de6,4a0dd10,user_3,tableau,2025-10-14
1761547506000,c12d144,ec64d4b,user_10,marketingcloud,2025-10-27
1761484996000,8086323,7386ea4,user_6,marketingcloud,2025-10-26
1760474445000,4e7f456,2fcec77,user_2,healthcloud,2025-10-14
1760678416000,4a49d27,fa7ca22,user_6,healthcloud,2025-10-17
1761096404000,d1eb3a0,f08156a,user_2,servicecloud,2025-10-22
1759325158000,86de56b,5a17c0a,user_8,healthcloud,2025-10-01
1761675222000,cddc13b,4a0dd10,user_2,mulesoft,2025-10-28
1761193397000,63ea5e1,ec64d4b,user_5,salescloud,2025-10-23
1761427536000,b178ffd,2141425,user_10,slack,2025-10-25
1760716889000,851f9ac,5a17c0a,user_7,manufacturingcloud,2025-10-17
1760392993000,f70b5eb,fa7ca22,user_8,slack,2025-10-13
1761804986000,dca41dc,5a17c0a,user_9,servicecloud,2025-10-30
1760605675000,481ac07,ec64d4b,user_5,mulesoft,2025-10-16
1759699298000,0a23c22,2fcec77,user_3,marketingcloud,2025-10-05
1760407164000,5da5405,fa7ca22,user_4,mulesoft,2025-10-14
1760193291000,1d540c5,f08156a,user_7,healthcloud,2025-10-11
1759591861000,e4e7ec3,dc66929,user_1,mulesoft,2025-10-04
1759371030000,b0ac01e,7386ea4,user_8,healthcloud,2025-10-02
1759489332000,8602a3d,fa7ca22,user_4,mulesoft,2025-10-03
1760008497000,c696cc8,ec64d4b,user_7,datacloud,2025-10-09
1761007014000,5db478a,dc66929,user_7,slack,2025-10-21
1761515859000,9d702a2,7386ea4,user_10,salescloud,2025-10-26
1761764761000,78a2cbf,fa7ca22,user_7,marketingcloud,2025-10-29
1760419583000,0d9e6ba,7386ea4,user_8,slack,2025-10-14
1760272058000,3010b20,fa7ca22,user_6,salescloud,2025-10-12
1761365536000,164b326,7386ea4,user_5,salescloud,2025-10-25
1761344733000,945e2e8,7386ea4,user_10,marketingcloud,2025-10-24
1760472559000,5495a14,fa7ca22,user_4,tableau,2025-10-14
1761016133000,ed6c974,4a0dd10,user_7,servicecloud,2025-10-21
1761407025000,a4b1e98,ec64d4b,user_7,tableau,2025-10-25
1760488018000,a51dfc6,fa7ca22,user_3,mulesoft,2025-10-15
1759997495000,83d29d2,ec64d4b,user_8,tableau,2025-10-09
1761464509000,a1e52a4,2fcec77,user_2,servicecloud,2025-10-26
1761366504000,81cfbc0,2fcec77,user_4,mulesoft,2025-10-25
1760504337000,ac9efe4,dc66929,user_2,mulesoft,2025-10-15
1761718934000,bba17aa,a98e290,user_10,healthcloud,2025-10-29
1759485240000,2c7aa4d,7386ea4,user_8,healthcloud,2025-10-03
1761457547000,cd4cc16,5a17c0a,user_3,datacloud,2025-10-26
1761690116000,187e76e,fa7ca22,user_7,marketingcloud,2025-10-28
1759299405000,dd5b1c0,a98e290,user_3,slack,2025-10-01
1760118790000,735842e,2fcec77,user_9,salescloud,2025-10-10
1759507797000,3cc1fd3,ec64d4b,user_10,datacloud,2025-10-03
1760395441000,4ede720,a98e290,user_9,servicecloud,2025-10-13
1760386532000,12804ca,dc66929,user_7,manufacturingcloud,2025-10-13
1759428072000,2e0a3ba,a98e290,user_8,datacloud,2025-10-02
1761423190000,089a356,ec64d4b,user_4,salescloud,2025-10-25
1759780151000,c8bc238,2141425,user_1,tableau,2025-10-06
1761776486000,2ae5c6d,7386ea4,user_8,servicecloud,2025-10-29
1761862431000,4517486,2fcec77,user_9,mulesoft,2025-10-30
1761859159000,ad265b9,ec64d4b,user_4,salescloud,2025-10-30
1760726767000,e2301e0,5a17c0a,user_8,slack,2025-10-17
1761406422000,dfbf979,dc66929,user_3,slack,2025-10-25
1760336462000,81021e3,f08156a,user_9,manufacturingcloud,2025-10-13
1761435431000,96b373d,2fcec77,user_1,salescloud,2025-10-25
1759872594000,57dacf0,7386ea4,user_6,datacloud,2025-10-07
1761165288000,1894e40,a98e290,user_5,servicecloud,2025-10-22
1759381658000,31fe819,f08156a,user_9,manufacturingcloud,2025-10-02
1761287218000,0a57d35,7386ea4,user_2,mulesoft,2025-10-24
1760095370000,4ef3e15,dc66929,user_2,manufacturingcloud,2025-10-10
1760455093000,5805710,fa7ca22,user_1,salescloud,2025-10-14
1761738045000,1bb1870,fa7ca22,user_7,salescloud,2025-10-29
1759293707000,3514096,f08156a,user_9,mulesoft,2025-10-01
1760696849000,15899c7,7386ea4,user_10,slack,2025-10-17
1759294816000,44d7eee,f08156a,user_1,slack,2025-10-01
1760644941000,0876a9f,5a17c0a,user_9,servicecloud,2025-10-16
1760503109000,5fe4732,5a17c0a,user_6,healthcloud,2025-10-15
1759712800000,79213e4,2141425,user_1,salescloud,2025-10-06
1761777239000,84f7867,4a0dd10,user_8,salescloud,2025-10-29
1761562328000,c2e1115,a98e290,user_4,datacloud,2025-10-27
1761567252000,cab13c9,f08156a,user_2,slack,2025-10-27
1760233713000,d791975,4a0dd10,user_5,salescloud,2025-10-12
1760170343000,0c75475,2fcec77,user_1,manufacturingcloud,2025-10-11
1760449397000,631e859,7386ea4,user_3,slack,2025-10-14
1760374088000,3d3840e,4a0dd10,user_1,marketingcloud,2025-10-13
1761476832000,6031339,2141425,user_2,marketingcloud,2025-10-26
1760556171000,0f74709,a98e290,user_3,marketingcloud,2025-10-15
1759663783000,0b88d57,7386ea4,user_8,tableau,2025-10-05
1759471128000,d4ea24e,f08156a,user_4,tableau,2025-10-03
1759305998000,f1fa884,2141425,user_10,slack,2025-10-01
1759515694000,1837ef4,dc66929,user_7,manufacturingcloud,2025-10-03
1759569972000,69d41ad,dc66929,user_6,tableau,2025-10-04
1759925562000,6bcbee8,ec64d4b,user_4,mulesoft,2025-10-08
1759635742000,4711af6,7386ea4,user_4,mulesoft,2025-10-05
1761032183000,cbbfc52,fa7ca22,user_8,servicecloud,2025-10-21
1761859173000,d6e8c83,a98e290,user_4,datacloud,2025-10-30
1759938254000,e21ee0f,dc66929,user_6,slack,2025-10-08
1761530698000,d5fa4f2,fa7ca22,user_5,tableau,2025-10-27
1761042111000,a395b65,ec64d4b,user_10,slack,2025-10-21
1760875853000,bc9c251,fa7ca22,user_3,marketingcloud,2025-10-19
1760036869000,8ded8bb,7386ea4,user_1,datacloud,2025-10-09
1759358086000,76821f3,2141425,user_1,tableau,2025-10-01
1761395445000,15e584c,2fcec77,user_6,mulesoft,2025-10-25
1760144513000,5f48592,7386ea4,user_2,manufacturingcloud,2025-10-11
1761011871000,e3a5ca6,f08156a,user_7,manufacturingcloud,2025-10-21
1760817134000,3057541,2141425,user_9,tableau,2025-10-18
1760730438000,7121dd4,a98e290,user_6,manufacturingcloud,2025-10-17
1761506295000,935ee60,7386ea4,user_3,datacloud,2025-10-26
1760665246000,a0778ab,2141425,user_2,datacloud,2025-10-17
1759437918000,3a485da,7386ea4,user_7,salescloud,2025-10-02
1761684647000,d832495,f08156a,user_4,tableau,2025-10-28
1761052907000,c558364,2fcec77,user_6,manufacturingcloud,2025-10-21
1760790541000,8b8adf6,5a17c0a,user_5,servicecloud,2025-10-18
1761699619000,0f24049,a98e290,user_4,datacloud,2025-10-29
1759791537000,2707b62,5a17c0a,user_4,tableau,2025-10-06
1760913507000,19c1b65,5a17c0a,user_10,servicecloud,2025-10-19
1760960686000,2927679,f08156a,user_6,marketingcloud,2025-10-20
1760723400000,9b2f48f,a98e290,user_1,slack,2025-10-17
1760122301000,b68b46b,f08156a,user_3,manufacturingcloud,2025-10-10
1760910623000,989fa97,4a0dd10,user_9,tableau,2025-10-19
1761171086000,b6c936b,dc66929,user_1,servicecloud,2025-10-22
1760428062000,079125d,4a0dd10,user_1,slack,2025-10-14
1761616421000,0f01e87,fa7ca22,user_3,slack,2025-10-28
1759587504000,9e0263b,fa7ca22,user_1,healthcloud,2025-10-04
1761657787000,50f0fbe,a98e290,user_6,mulesoft,2025-10-28
1760811563000,ad554d2,a98e290,user_6,datacloud,2025-10-18
1761431280000,a627037,dc66929,user_7,slack,2025-10-25
1761236299000,3f7285e,ec64d4b,user_5,datacloud,2025-10-23
1761756920000,7f5fa59,dc66929,user_2,servicecloud,2025-10-29
1760102513000,71640d5,4a0dd10,user_7,healthcloud,2025-10-10
1760035874000,3c4a98a,5a17c0a,user_2,tableau,2025-10-09
1760259784000,7d78f74,5a17c0a,user_10,manufacturingcloud,2025-10-12
1760077597000,5eba20d,5a17c0a,user_7,mulesoft,2025-10-10
1759295692000,e096f17,dc66929,user_8,marketingcloud,2025-10-01
1760812207000,261880e,2fcec77,user_10,salescloud,2025-10-18
1761515026000,6d74871,dc66929,user_6,mulesoft,2025-10-26
1761405344000,1f55ff5,dc66929,user_10,marketingcloud,2025-10-25
1761113872000,6416a04,7386ea4,user_1,datacloud,2025-10-22
1759820566000,9897e98,2fcec77,user_3,slack,2025-10-07
1761079804000,94134ae,2fcec77,user_10,healthcloud,2025-10-21
1760413194000,1197a83,dc66929,user_8,slack,2025-10-14
1761670060000,98906d6,2fcec77,user_5,marketingcloud,2025-10-28
1761301761000,0970b0b,4a0dd10,user_7,salescloud,2025-10-24
1759899732000,9430f8a,dc66929,user_1,slack,2025-10-08
1759839730000,f093275,2141425,user_2,mulesoft,2025-10-07
1761752706000,fddfbde,a98e290,user_3,servicecloud,2025-10-29
1760588978000,877fd32,a98e290,user_2,marketingcloud,2025-10-16
1761372430000,4011e94,2141425,user_5,tableau,2025-10-25
1761635766000,c070ea1,5a17c0a,user_10,slack,2025-10-28
1760636363000,4b69c92,ec64d4b,user_7,salescloud,2025-10-16
1761697744000,99c18f6,4a0dd10,user_1,datacloud,2025-10-29
1760287243000,2d119ab,ec64d4b,user_2,mulesoft,2025-10-12
1760712469000,43aeb1a,2141425,user_7,slack,2025-10-17
1759796140000,cb2b68f,fa7ca22,user_9,marketingcloud,2025-10-07
1761080076000,0c9a8da,2141425,user_4,salescloud,2025-10-21
1760567032000,5198654,2141425,user_9,slack,2025-10-15
1760221847000,79c65be,7386ea4,user_8,tableau,2025-10-11
1760959346000,748d062,fa7ca22,user_4,salescloud,2025-10-20
1760787893000,90362c6,fa7ca22,user_7,datacloud,2025-10-18
1759779497000,356bf7c,4a0dd10,user_3,manufacturingcloud,2025-10-06
1760546432000,4b831dc,2141425,user_7,healthcloud,2025-10-15
1761238707000,14f8aca,5a17c0a,user_7,manufacturingcloud,2025-10-23
1759723510000,8e1ab4d,5a17c0a,user_7,datacloud,2025-10-06
1760071790000,90f7d38,2141425,user_10,marketingcloud,2025-10-10
1759534106000,65f6c1a,a98e290,user_6,datacloud,2025-10-03
1760891077000,b15dd1d,a98e290,user_3,marketingcloud,2025-10-19
1760268806000,1060677,ec64d4b,user_7,healthcloud,2025-10-12
1761029764000,1c9f83b,dc66929,user_10,servicecloud,2025-10-21
1759476983000,8c36f94,ec64d4b,user_5,healthcloud,2025-10-03
1759556768000,348cced,7386ea4,user_6,salescloud,2025-10-04
1759380262000,76ebdc4,2141425,user_6,datacloud,2025-10-02
1759786959000,827a25f,2141425,user_9,healthcloud,2025-10-06
1760940645000,aa378d6,dc66929,user_7,datacloud,2025-10-20
1760905040000,9fa0dd2,fa7ca22,user_6,manufacturingcloud,2025-10-19
1759904923000,453937e,7386ea4,user_6,manufacturingcloud,2025-10-08
1761093663000,a8c6cfa,f08156a,user_3,healthcloud,2025-10-22
1760690236000,b36c98a,a98e290,user_3,slack,2025-10-17
1760296132000,0ffaf02,5a17c0a,user_2,healthcloud,2025-10-12
1761700409000,6c243c5,4a0dd10,user_3,servicecloud,2025-10-29
1761619210000,a62da44,5a17c0a,user_8,healthcloud,2025-10-28
1761094308000,052c711,4a0dd10,user_9,tableau,2025-10-22
1760522659000,607f03d,5a17c0a,user_10,servicecloud,2025-10-15
1759936745000,2257c67,4a0dd10,user_2,mulesoft,2025-10-08
1759318194000,33b9ea0,a98e290,user_2,slack,2025-10-01
1759675617000,b1e4bc5,fa7ca22,user_8,slack,2025-10-05
1760372182000,7f70d71,7386ea4,user_3,mulesoft,2025-10-13
1761222729000,4dcc318,f08156a,user_4,servicecloud,2025-10-23
1761368813000,1dbb823,a98e290,user_5,healthcloud,2025-10-25
1759535862000,a85922b,dc66929,user_10,healthcloud,2025-10-03
1759563556000,c22f731,2fcec77,user_2,manufacturingcloud,2025-10-04
1761385913000,f81bf2c,dc66929,user_5,salescloud,2025-10-25
1761529580000,e1f03c0,2fcec77,user_6,healthcloud,2025-10-27
1759919114000,46900d4,2fcec77,user_2,healthcloud,2025-10-08
1761757322000,09af4e4,ec64d4b,user_9,slack,2025-10-29
1761201567000,1e11277,fa7ca22,user_2,datacloud,2025-10-23
1759656638000,7ee02e0,ec64d4b,user_6,servicecloud,2025-10-05
1759478309000,e27962e,fa7ca22,user_9,mulesoft,2025-10-03
1760804194000,58ac4d0,2141425,user_10,tableau,2025-10-18
1761316086000,f249487,4a0dd10,user_8,tableau,2025-10-24
1761508704000,7a89da9,5a17c0a,user_2,salescloud,2025-10-26
1761554936000,ebda6fc,4a0dd10,user_3,manufacturingcloud,2025-10-27
1761117261000,5fccb23,f08156a,user_1,mulesoft,2025-10-22
1761255194000,a2c6123,ec64d4b,user_4,salescloud,2025-10-23
1760953446000,0f41c44,5a17c0a,user_8,datacloud,2025-10-20
1761268109000,3bdc455,7386ea4,user_3,servicecloud,2025-10-24
1759780621000,20249aa,2141425,user_6,mulesoft,2025-10-06
1761650877000,5b31e84,2fcec77,user_10,servicecloud,2025-10-28
1759638100000,f8b81d1,7386ea4,user_9,manufacturingcloud,2025-10-05
1759725619000,841ff63,2fcec77,user_3,manufacturingcloud,2025-10-06
1759982114000,19619f5,fa7ca22,user_10,marketingcloud,2025-10-09
1759785026000,110c8b4,5a17c0a,user_9,healthcloud,2025-10-06
1761037714000,acef2da,2141425,user_1,manufacturingcloud,2025-10-21
1759928050000,6b674b7,fa7ca22,user_2,datacloud,2025-10-08
1761086776000,9c8901b,2fcec77,user_7,manufacturingcloud,2025-10-21
1760068746000,690b057,a98e290,user_5,mulesoft,2025-10-10
1759942650000,1f85118,2141425,user_4,slack,2025-10-08
1759482207000,0f44df9,a98e290,user_6,tableau,2025-10-03
1761749494000,7c5796b,5a17c0a,user_3,tableau,2025-10-29
1760271347000,0bd82e5,fa7ca22,user_7,datacloud,2025-10-12
1761732504000,f4046a5,5a17c0a,user_1,healthcloud,2025-10-29
1760469167000,5aae754,4a0dd10,user_1,marketingcloud,2025-10-14
1759436358000,eae10bf,dc66929,user_2,datacloud,2025-10-02
1759779376000,8171530,7386ea4,user_1,healthcloud,2025-10-06
1761664469000,46f1874,a98e290,user_5,servicecloud,2025-10-28
1760833880000,69c39d2,ec64d4b,user_1,healthcloud,2025-10-19
1760914016000,01eda5b,ec64d4b,user_10,healthcloud,2025-10-19
1760469248000,a5effd4,fa7ca22,user_1,datacloud,2025-10-14
1760889910000,bef6248,fa7ca22,user_9,slack,2025-10-19
1760320013000,5fb2837,4a0dd10,user_4,mulesoft,2025-10-13
1761675569000,c99ad0f,7386ea4,user_2,marketingcloud,2025-10-28
1759596204000,6176bc0,4a0dd10,user_2,tableau,2025-10-04
1760775848000,5af5ab9,f08156a,user_3,datacloud,2025-10-18
1760585308000,b5a8721,ec64d4b,user_5,datacloud,2025-10-16
1761498748000,7e579bb,4a0dd10,user_10,healthcloud,2025-10-26
1759672937000,585ecee,2141425,user_3,marketingcloud,2025-10-05
1759925178000,2e180d1,f08156a,user_2,healthcloud,2025-10-08
1760941685000,ca15354,dc66929,user_3,datacloud,2025-10-20
1761683871000,3ee93bd,7386ea4,user_9,slack,2025-10-28
1759971749000,3a05063,a98e290,user_5,servicecloud,2025-10-09
1761406853000,3b7b757,a98e290,user_8,servicecloud,2025-10-25
1761105620000,f482343,fa7ca22,user_1,salescloud,2025-10-22
1760800503000,64717ad,dc66929,user_5,mulesoft,2025-10-18
1760708353000,84ee5e1,5a17c0a,user_9,tableau,2025-10-17
1759601279000,e7685e0,ec64d4b,user_4,servicecloud,2025-10-04
1761609520000,beffe92,a98e290,user_8,servicecloud,2025-10-27
1761197140000,572cb12,f08156a,user_9,salescloud,2025-10-23
1760957187000,8b36772,f08156a,user_3,tableau,2025-10-20
1760687724000,5463e61,2fcec77,user_8,slack,2025-10-17
1760899177000,d594442,7386ea4,user_6,healthcloud,2025-10-19
1759510944000,ef6f769,fa7ca22,user_5,marketingcloud,2025-10-03
1760984350000,ac2752c,2fcec77,user_6,mulesoft,2025-10-20
1761344645000,09c04f0,dc66929,user_6,mulesoft,2025-10-24
1760342439000,b862e4b,ec64d4b,user_9,mulesoft,2025-10-13
1761103015000,bec7b41,2fcec77,user_1,servicecloud,2025-10-22
1760864769000,52acb0c,2fcec77,user_1,manufacturingcloud,2025-10-19
1759655415000,d80f2d4,4a0dd10,user_10,manufacturingcloud,2025-10-05
1761728507000,166e836,4a0dd10,user_3,healthcloud,2025-10-29
1761020005000,95081cf,5a17c0a,user_5,datacloud,2025-10-21
1761654553000,a420cb4,f08156a,user_1,mulesoft,2025-10-28
1760706572000,c821180,dc66929,user_5,datacloud,2025-10-17
1759516748000,0943873,2141425,user_1,servicecloud,2025-10-03
1760791046000,33a0ca5,fa7ca22,user_3,salescloud,2025-10-18
1761657101000,5cfc465,ec64d4b,user_4,tableau,2025-10-28
1760288063000,bc87d1c,fa7ca22,user_1,salescloud,2025-10-12
1759617929000,53053b5,f08156a,user_8,manufacturingcloud,2025-10-04
1761437756000,1408daa,4a0dd10,user_5,tableau,2025-10-26
1761513873000,1cffb7b,f08156a,user_4,salescloud,2025-10-26
1760888544000,3fcaaaa,a98e290,user_10,datacloud,2025-10-19
1759795329000,2afa659,2fcec77,user_6,healthcloud,2025-10-07
1759823499000,167c51b,a98e290,user_10,servicecloud,2025-10-07
1759513380000,f11f65d,2fcec77,user_5,datacloud,2025-10-03
1760735653000,3ad51e5,7386ea4,user_3,tableau,2025-10-17
1759471211000,17dc280,a98e290,user_4,salescloud,2025-10-03
1761793235000,e294665,2fcec77,user_3,healthcloud,2025-10-30
1760402795000,ef414f4,f08156a,user_2,datacloud,2025-10-14
1761384521000,86e0edf,a98e290,user_10,healthcloud,2025-10-25
1760176533000,dd9cf95,7386ea4,user_8,slack,2025-10-11
1760329739000,5677508,fa7ca22,user_2,healthcloud,2025-10-13
1761672750000,2cb00a9,fa7ca22,user_8,marketingcloud,2025-10-28
1761509005000,0002468,2141425,user_6,marketingcloud,2025-10-26
1759534065000,a31655b,2141425,user_5,salescloud,2025-10-03
1761598508000,3ba0ff5,2141425,user_3,tableau,2025-10-27
1760390973000,3686dde,2141425,user_2,salescloud,2025-10-13
1761664972000,8578fc6,fa7ca22,user_4,servicecloud,2025-10-28
1759804998000,81a3428,2141425,user_3,slack,2025-10-07
1759764700000,1c2c22d,2141425,user_4,servicecloud,2025-10-06
1760236808000,c5d7ca8,4a0dd10,user_1,mulesoft,2025-10-12
1761528198000,2c9418b,2141425,user_4,salescloud,2025-10-27
1761099132000,38a01de,2fcec77,user_6,servicecloud,2025-10-22
1760990503000,f0bc7ea,5a17c0a,user_4,datacloud,2025-10-20
1760913133000,e8f9f1c,2141425,user_3,manufacturingcloud,2025-10-19
1760812439000,312d786,ec64d4b,user_10,salescloud,2025-10-18
1759900494000,6e0e43c,2141425,user_4,healthcloud,2025-10-08
1759741609000,d099383,ec64d4b,user_2,servicecloud,2025-10-06
1761692557000,9a08b15,2141425,user_7,manufacturingcloud,2025-10-28
1761424481000,965d735,2141425,user_8,manufacturingcloud,2025-10-25
1760569861000,25ac735,f08156a,user_10,manufacturingcloud,2025-10-15
1760488843000,f803e0d,2141425,user_7,tableau,2025-10-15
1760926732000,b24334e,dc66929,user_5,servicecloud,2025-10-20
1761526265000,438fc21,4a0dd10,user_5,salescloud,2025-10-27
1759450013000,5600078,2fcec77,user_5,marketingcloud,2025-10-03
1759917585000,c88c262,f08156a,user_4,slack,2025-10-08
1760982804000,eb9a26c,5a17c0a,user_4,datacloud,2025-10-20
1759322085000,53f7142,5a17c0a,user_10,mulesoft,2025-10-01
1759518955000,d776cc1,5a17c0a,user_2,slack,2025-10-03
1759876479000,9da83c4,fa7ca22,user_10,healthcloud,2025-10-07
1761184905000,fa07984,5a17c0a,user_1,datacloud,2025-10-23
1760982297000,b4c0198,4a0dd10,user_6,healthcloud,2025-10-20
1761212609000,b6ae924,ec64d4b,user_7,datacloud,2025-10-23
1759603744000,0420468,fa7ca22,user_4,datacloud,2025-10-04
1760308242000,86dc05a,2141425,user_8,salescloud,2025-10-12
1761377727000,01961b6,2141425,user_1,manufacturingcloud,2025-10-25
1759615820000,c3a2907,f08156a,user_4,servicecloud,2025-10-04
1760042808000,c84af77,ec64d4b,user_1,mulesoft,2025-10-09
1761019950000,2cb7a5c,7386ea4,user_8,mulesoft,2025-10-21
1761703236000,7bbcb2d,4a0dd10,user_4,tableau,2025-10-29
1759439565000,164b1e1,4a0dd10,user_9,tableau,2025-10-02
1759975137000,a3904da,2141425,user_3,tableau,2025-10-09
1760254889000,71c7f23,ec64d4b,user_5,healthcloud,2025-10-12
1760717425000,f70212b,dc66929,user_1,marketingcloud,2025-10-17
1760925756000,70340d2,2fcec77,user_9,tableau,2025-10-20
1760528713000,b35d849,a98e290,user_3,mulesoft,2025-10-15
1761113615000,2194cec,2141425,user_4,manufacturingcloud,2025-10-22
1761768787000,24c7612,ec64d4b,user_7,healthcloud,2025-10-29
1760796522000,c69400f,2fcec77,user_10,mulesoft,2025-10-18
1760089454000,0026f75,f08156a,user_3,mulesoft,2025-10-10
1759849120000,82e5ee1,7386ea4,user_4,healthcloud,2025-10-07
1759710081000,5f417e3,2141425,user_3,manufacturingcloud,2025-10-06
1759456216000,5a02a69,2fcec77,user_5,healthcloud,2025-10-03
1761033968000,41cf3fc,ec64d4b,user_5,manufacturingcloud,2025-10-21
1759447298000,4372b80,5a17c0a,user_4,marketingcloud,2025-10-02
1760503368000,d45461f,2141425,user_9,slack,2025-10-15
1759637051000,b02cc24,5a17c0a,user_1,manufacturingcloud,2025-10-05
1760154796000,09c3e98,7386ea4,user_9,manufacturingcloud,2025-10-11
1759858668000,03ea428,4a0dd10,user_8,salescloud,2025-10-07
1761034240000,849f2b1,2fcec77,user_10,marketingcloud,2025-10-21
1760440583000,5ba3ffc,dc66929,user_4,healthcloud,2025-10-14
1761630423000,b5dbc1b,dc66929,user_10,tableau,2025-10-28
1759702393000,0e69895,5a17c0a,user_10,mulesoft,2025-10-05
1761274143000,c30f10a,5a17c0a,user_9,salescloud,2025-10-24
1759299301000,ae59aa9,ec64d4b,user_5,datacloud,2025-10-01
1759736803000,f1c341c,ec64d4b,user_3,servicecloud,2025-10-06
1761302131000,e9853c5,f08156a,user_9,servicecloud,2025-10-24
1761700529000,f1ef69f,4a0dd10,user_5,datacloud,2025-10-29
1761300928000,c4dcb51,a98e290,user_7,marketingcloud,2025-10-24
1760182469000,48106a7,dc66929,user_1,tableau,2025-10-11
1761861898000,b8f3276,ec64d4b,user_9,salescloud,2025-10-30
1759280888000,d2d5826,f08156a,user_5,mulesoft,2025-10-01
1760571425000,6253072,2fcec77,user_4,mulesoft,2025-10-15
1759419891000,b86bce8,f08156a,user_8,tableau,2025-10-02
1761331379000,5e54f07,dc66929,user_10,salescloud,2025-10-24
1761586497000,84d52e8,2fcec77,user_2,manufacturingcloud,2025-10-27
1761144227000,73e95f8,5a17c0a,user_7,mulesoft,2025-10-22
1761119402000,176e63f,2fcec77,user_7,tableau,2025-10-22
1760963128000,3b1ee3e,dc66929,user_10,mulesoft,2025-10-20
1760137103000,2b061c2,dc66929,user_6,mulesoft,2025-10-10
1761315717000,ee97fc0,a98e290,user_9,slack,2025-10-24
1760729707000,24792e8,5a17c0a,user_5,salescloud,2025-10-17
1761138325000,bafcc48,fa7ca22,user_2,marketingcloud,2025-10-22
1759469390000,9ef74f0,2fcec77,user_5,slack,2025-10-03
1760706563000,22b69ec,a98e290,user_8,salescloud,2025-10-17
1760003098000,d544065,7386ea4,user_7,salescloud,2025-10-09
1761774273000,5127710,ec64d4b,user_6,slack,2025-10-29
1760437969000,42b5184,dc66929,user_6,servicecloud,2025-10-14
1761485654000,dfd34bd,f08156a,user_7,marketingcloud,2025-10-26
1759310378000,08911f5,4a0dd10,user_6,salescloud,2025-10-01
1759774420000,00a0bf2,f08156a,user_6,salescloud,2025-10-06
1760311893000,9cc401b,5a17c0a,user_10,salescloud,2025-10-12
1760847786000,cc44a36,7386ea4,user_1,servicecloud,2025-10-19
1761706515000,ea5e7cb,2fcec77,user_6,healthcloud,2025-10-29
1759958993000,039ff79,2fcec77,user_7,tableau,2025-10-08
1760454628000,6aa6799,2fcec77,user_9,manufacturingcloud,2025-10-14
1761323381000,7d68b75,ec64d4b,user_2,servicecloud,2025-10-24
1759780980000,f1bceb5,dc66929,user_4,servicecloud,2025-10-06
1760074566000,c1d8f81,f08156a,user_8,manufacturingcloud,2025-10-10
1760202810000,190264a,dc66929,user_8,marketingcloud,2025-10-11
1759565626000,a52dedd,2141425,user_4,tableau,2025-10-04
1761525718000,c53aabd,2fcec77,user_4,servicecloud,2025-10-27
1760976071000,343dbaf,fa7ca22,user_5,salescloud,2025-10-20
1761019650000,13e7d1f,ec64d4b,user_6,healthcloud,2025-10-21
1760788287000,dbb2ce6,ec64d4b,user_5,mulesoft,2025-10-18
1759703029000,6874cfd,a98e290,user_3,datacloud,2025-10-05
1759623986000,8b62254,ec64d4b,user_1,tableau,2025-10-05
1761222403000,2b228df,4a0dd10,user_9,servicecloud,2025-10-23
1759624304000,2c744e6,4a0dd10,user_8,salescloud,2025-10-05
1759719415000,aaef7a1,7386ea4,user_5,healthcloud,2025-10-06
1759660522000,2b0a85e,4a0dd10,user_4,mulesoft,2025-10-05
1761669665000,a25b4df,f08156a,user_1,marketingcloud,2025-10-28
1760610465000,377aff3,7386ea4,user_8,healthcloud,2025-10-16
1761694924000,9bb9d79,2141425,user_8,manufacturingcloud,2025-10-28
1759534868000,d8d9bff,4a0dd10,user_1,mulesoft,2025-10-03
1761416624000,94d05d1,dc66929,user_10,servicecloud,2025-10-25
1760487004000,7bdb363,dc66929,user_2,healthcloud,2025-10-15
1761273366000,b4a3632,dc66929,user_9,servicecloud,2025-10-24
1759953870000,b2bd3f3,f08156a,user_7,healthcloud,2025-10-08
1761444382000,13e98ce,5a17c0a,user_9,manufacturingcloud,2025-10-26
1760909268000,a45fad4,2141425,user_8,tableau,2025-10-19
1761361856000,fd029b7,a98e290,user_2,salescloud,2025-10-25
1761339285000,b3bf0d0,5a17c0a,user_3,servicecloud,2025-10-24
1761734618000,7d8e192,fa7ca22,user_8,slack,2025-10-29
1761212232000,c0e143e,a98e290,user_10,manufacturingcloud,2025-10-23
1761409692000,f2ae0af,a98e290,user_2,salescloud,2025-10-25
1760447900000,738c2c5,ec64d4b,user_6,slack,2025-10-14
1759870853000,a16f48a,dc66929,user_9,slack,2025-10-07
1761307919000,59b8260,5a17c0a,user_5,datacloud,2025-10-24
1761407593000,1fda64d,f08156a,user_5,mulesoft,2025-10-25
1759604570000,f3d5582,7386ea4,user_1,slack,2025-10-04
1760280836000,b393813,7386ea4,user_1,datacloud,2025-10-12
1759972737000,b67211a,ec64d4b,user_10,slack,2025-10-09
1760504705000,95b6e63,f08156a,user_5,tableau,2025-10-15
1759800174000,8003b8c,f08156a,user_6,healthcloud,2025-10-07
1760573207000,781f8cc,dc66929,user_7,slack,2025-10-16
1761330513000,fc46401,2141425,user_1,tableau,2025-10-24
1761786230000,7828d06,ec64d4b,user_10,datacloud,2025-10-30
1759511364000,98db382,ec64d4b,user_9,tableau,2025-10-03
1759307340000,a01ca8d,5a17c0a,user_6,servicecloud,2025-10-01
1759459521000,13e1c4c,dc66929,user_1,manufacturingcloud,2025-10-03
1759712661000,7d79bc5,2141425,user_1,healthcloud,2025-10-06
1760978611000,6876aa9,2fcec77,user_8,datacloud,2025-10-20
1760464667000,031771d,2141425,user_3,manufacturingcloud,2025-10-14
1759980874000,d3cea56,dc66929,user_6,slack,2025-10-09
1760242976000,232156a,dc66929,user_9,mulesoft,2025-10-12
1761220643000,0420ee2,4a0dd10,user_1,slack,2025-10-23
1761599276000,aa86bec,2141425,user_2,slack,2025-10-27
1760980124000,b806610,2141425,user_4,marketingcloud,2025-10-20
1761780125000,f9c0e59,ec64d4b,user_10,salescloud,2025-10-29
1759320648000,0b76b16,4a0dd10,user_1,marketingcloud,2025-10-01
1759941136000,7c04f04,4a0dd10,user_3,salescloud,2025-10-08
1760424794000,0797917,7386ea4,user_9,salescloud,2025-10-14
1759934272000,7f12fa5,2141425,user_1,servicecloud,2025-10-08
1759322378000,8fef6ec,2141425,user_6,servicecloud,2025-10-01
1760614045000,23dd418,a98e290,user_4,servicecloud,2025-10-16
1761078458000,b837121,2141425,user_3,manufacturingcloud,2025-10-21
1759674293000,4cc94e0,f08156a,user_4,servicecloud,2025-10-05
1761114511000,6f8b3b2,f08156a,user_8,slack,2025-10-22
1760171426000,f0f80c8,a98e290,user_1,mulesoft,2025-10-11
1760481165000,9254838,fa7ca22,user_3,slack,2025-10-14
1759652149000,7d7f0f8,f08156a,user_1,slack,2025-10-05
1760780825000,4215ce3,ec64d4b,user_5,datacloud,2025-10-18
1761221300000,957f410,ec64d4b,user_3,marketingcloud,2025-10-23
1761161201000,bdb2172,2141425,user_2,marketingcloud,2025-10-22
1760608921000,acc2d3a,ec64d4b,user_10,tableau,2025-10-16
1760693136000,054d27a,fa7ca22,user_8,datacloud,2025-10-17
1760716352000,38b80c6,2fcec77,user_5,manufacturingcloud,2025-10-17
1760398400000,e4a260c,fa7ca22,user_10,mulesoft,2025-10-13
1760727355000,53c06ca,fa7ca22,user_5,mulesoft,2025-10-17
1759292057000,7db0143,2141425,user_1,healthcloud,2025-10-01
1759574901000,fc74fa3,4a0dd10,user_6,tableau,2025-10-04
1760993764000,83d90ba,ec64d4b,user_7,manufacturingcloud,2025-10-20
1759995758000,7263198,7386ea4,user_7,mulesoft,2025-10-09
1760402316000,bb0c0ba,a98e290,user_8,manufacturingcloud,2025-10-14
1760338554000,d18a534,a98e290,user_6,marketingcloud,2025-10-13
1759640587000,61b9f52,ec64d4b,user_1,healthcloud,2025-10-05
1761565698000,ae90d61,2fcec77,user_6,marketingcloud,2025-10-27
1759663406000,2d1dd87,2141425,user_5,datacloud,2025-10-05
1759818868000,8470a4d,ec64d4b,user_3,healthcloud,2025-10-07
1759368856000,2e3e527,fa7ca22,user_8,salescloud,2025-10-02
1761503360000,1a8f34b,2fcec77,user_8,datacloud,2025-10-26
1760019423000,760cda0,7386ea4,user_8,mulesoft,2025-10-09
1760394635000,c670e0e,5a17c0a,user_10,tableau,2025-10-13
1760741912000,01d9fae,dc66929,user_8,salescloud,2025-10-17
1760159160000,30a2f6c,a98e290,user_4,tableau,2025-10-11
1760292457000,2588087,2141425,user_3,slack,2025-10-12
1761863051000,685f8d6,fa7ca22,user_5,servicecloud,2025-10-30
1759501624000,8f7889d,4a0dd10,user_2,datacloud,2025-10-03
1761838811000,b30fe11,7386ea4,user_2,mulesoft,2025-10-30
1760690811000,5ded2e5,4a0dd10,user_4,manufacturingcloud,2025-10-17
1759339656000,c894b45,ec64d4b,user_7,slack,2025-10-01
1759294369000,2d683f7,a98e290,user_5,datacloud,2025-10-01
1761767662000,2098811,7386ea4,user_6,tableau,2025-10-29
1761205757000,180b5c8,2fcec77,user_8,marketingcloud,2025-10-23
1760658882000,9761f5f,4a0dd10,user_6,manufacturingcloud,2025-10-16
1761479564000,9982ec8,2141425,user_8,healthcloud,2025-10-26
1760243401000,0fe5d73,2fcec77,user_7,healthcloud,2025-10-12
1760651623000,08581cb,4a0dd10,user_9,slack,2025-10-16
1760479958000,0fb9282,dc66929,user_8,slack,2025-10-14
1761543253000,470d056,ec64d4b,user_10,healthcloud,2025-10-27
1761022827000,1dc85ea,ec64d4b,user_9,mulesoft,2025-10-21
1760122468000,0a05265,4a0dd10,user_1,slack,2025-10-10
1761349600000,e615405,f08156a,user_8,slack,2025-10-24
1760736892000,69ac3dc,dc66929,user_10,slack,2025-10-17
1760793328000,752fba3,2fcec77,user_5,servicecloud,2025-10-18
1760922491000,afcdd14,dc66929,user_2,mulesoft,2025-10-20
1760113790000,4c3a69a,dc66929,user_1,mulesoft,2025-10-10
1759901027000,8eae463,7386ea4,user_10,salescloud,2025-10-08
1759803195000,1d90989,f08156a,user_5,healthcloud,2025-10-07
1760836624000,81bfa6d,dc66929,user_5,manufacturingcloud,2025-10-19
1760862122000,9053c01,2141425,user_1,datacloud,2025-10-19
1760309839000,63cebfe,2fcec77,user_1,salescloud,2025-10-12
1759832074000,9ff27d5,a98e290,user_7,salescloud,2025-10-07
1759780271000,256a220,7386ea4,user_7,datacloud,2025-10-06
1759598075000,18c4d02,2fcec77,user_8,datacloud,2025-10-04
1761332558000,9d3f9c7,f08156a,user_5,servicecloud,2025-10-24
1760167693000,664c6a3,7386ea4,user_9,tableau,2025-10-11
1761680505000,7ed9e12,5a17c0a,user_1,salescloud,2025-10-28
1761780376000,d3fa022,2fcec77,user_3,slack,2025-10-29
1760480390000,729fd7e,7386ea4,user_4,mulesoft,2025-10-14
1761324372000,61df7f2,2fcec77,user_6,mulesoft,2025-10-24
1761048777000,c87a578,7386ea4,user_10,servicecloud,2025-10-21
1760570178000,01c40cc,5a17c0a,user_5,servicecloud,2025-10-15
1761386411000,ef37ff3,7386ea4,user_3,manufacturingcloud,2025-10-25
1760604481000,279a082,5a17c0a,user_2,datacloud,2025-10-16
1761471096000,4bc856f,5a17c0a,user_10,tableau,2025-10-26
1761480623000,c9a4d52,2141425,user_1,servicecloud,2025-10-26
1760403542000,acbf461,a98e290,user_6,servicecloud,2025-10-14
1759691481000,7ff1691,ec64d4b,user_7,manufacturingcloud,2025-10-05
1760721322000,2375f8a,2141425,user_8,datacloud,2025-10-17
1761581367000,5b18ae7,2141425,user_4,healthcloud,2025-10-27
1760810685000,1d29659,a98e290,user_10,tableau,2025-10-18
1761404583000,e5e4f40,f08156a,user_10,healthcloud,2025-10-25
1760702300000,360a4f7,f08156a,user_1,tableau,2025-10-17
1759742539000,13af7ff,ec64d4b,user_8,manufacturingcloud,2025-10-06
1761859442000,5a35969,4a0dd10,user_8,manufacturingcloud,2025-10-30
1761753144000,3132471,dc66929,user_4,slack,2025-10-29
1760209257000,ca5e0e7,2fcec77,user_1,manufacturingcloud,2025-10-11
1760358487000,4dc6e59,5a17c0a,user_10,mulesoft,2025-10-13
1761633049000,3cf4d98,2fcec77,user_1,mulesoft,2025-10-28
1759465821000,60a93fd,dc66929,user_3,servicecloud,2025-10-03
1761858005000,66f3957,2fcec77,user_1,slack,2025-10-30
1760881173000,6d9f265,4a0dd10,user_1,mulesoft,2025-10-19
1759478437000,7f78176,ec64d4b,user_9,slack,2025-10-03
1760276361000,798944c,7386ea4,user_4,servicecloud,2025-10-12
1759445355000,b283cfc,dc66929,user_10,healthcloud,2025-10-02
1759704787000,7cf9526,2fcec77,user_7,mulesoft,2025-10-05
1761568269000,616f2f4,ec64d4b,user_6,salescloud,2025-10-27
1759892557000,5e6ebb6,a98e290,user_9,mulesoft,2025-10-08
1760611001000,65beaeb,ec64d4b,user_5,manufacturingcloud,2025-10-16
1761482886000,84b6c7b,7386ea4,user_7,mulesoft,2025-10-26
1761583170000,c23cf51,f08156a,user_2,marketingcloud,2025-10-27
1760879313000,74b3861,f08156a,user_8,slack,2025-10-19
1761346242000,c6b2608,ec64d4b,user_3,mulesoft,2025-10-24
1761468417000,36a7aa1,5a17c0a,user_7,mulesoft,2025-10-26
1760766974000,63d0ce0,fa7ca22,user_4,mulesoft,2025-10-18
1760069039000,dc6496e,7386ea4,user_4,mulesoft,2025-10-10
1760423158000,57b5b3b,5a17c0a,user_2,mulesoft,2025-10-14
1759720901000,ef0eb7f,f08156a,user_3,datacloud,2025-10-06
1760646775000,024335f,f08156a,user_4,slack,2025-10-16
1759468060000,f9e915f,2141425,user_2,salescloud,2025-10-03
1760157971000,a74bff7,a98e290,user_8,servicecloud,2025-10-11
1760045503000,aafc30e,7386ea4,user_8,tableau,2025-10-09
1760557290000,29ad50b,dc66929,user_9,manufacturingcloud,2025-10-15
1760983752000,36d453c,ec64d4b,user_9,manufacturingcloud,2025-10-20
1759381320000,4565dd7,2fcec77,user_4,mulesoft,2025-10-02
1760096940000,2607ac5,ec64d4b,user_3,servicecloud,2025-10-10
1760203278000,697f068,4a0dd10,user_10,mulesoft,2025-10-11
1759718694000,1317b92,fa7ca22,user_7,servicecloud,2025-10-06
1759440978000,ac8cb58,f08156a,user_2,mulesoft,2025-10-02
1760626203000,c96823c,dc66929,user_5,manufacturingcloud,2025-10-16
1760168338000,cddcc1b,dc66929,user_4,salescloud,2025-10-11
1759587143000,3dff13d,7386ea4,user_1,datacloud,2025-10-04
1760831214000,3b6aa70,2fcec77,user_1,mulesoft,2025-10-18
1759314863000,0f415f0,2fcec77,user_8,servicecloud,2025-10-01
1760211060000,354b6db,fa7ca22,user_7,salescloud,2025-10-11
1759911904000,097f1aa,f08156a,user_10,salescloud,2025-10-08
1761313278000,57c48b2,f08156a,user_9,mulesoft,2025-10-24
1759707577000,33c4be6,f08156a,user_8,marketingcloud,2025-10-05
1760298174000,9943c0a,ec64d4b,user_8,marketingcloud,2025-10-12
1760672619000,2278fae,7386ea4,user_6,servicecloud,2025-10-17
1759900753000,955c1f7,2fcec77,user_8,servicecloud,2025-10-08
1761501013000,7816441,2141425,user_5,manufacturingcloud,2025-10-26
1760447608000,68a526d,ec64d4b,user_1,servicecloud,2025-10-14
1759964616000,451acd4,ec64d4b,user_8,mulesoft,2025-10-08
1760886993000,aa2f14c,dc66929,user_9,marketingcloud,2025-10-19
1759788426000,e3d2a7f,ec64d4b,user_8,slack,2025-10-06
1760466283000,f3127f3,7386ea4,user_5,slack,2025-10-14
1759624145000,a420461,4a0dd10,user_3,servicecloud,2025-10-05
1759867978000,5eeef60,f08156a,user_7,tableau,2025-10-07
1760408209000,1985c2f,4a0dd10,user_9,marketingcloud,2025-10-14
1761837619000,a49ced7,f08156a,user_7,datacloud,2025-10-30
1761224940000,1478bc2,2fcec77,user_5,healthcloud,2025-10-23
1759614238000,8f029e6,fa7ca22,user_3,manufacturingcloud,2025-10-04
1759921558000,07c5448,2141425,user_3,marketingcloud,2025-10-08
1760010228000,951c8a5,2141425,user_2,servicecloud,2025-10-09
1759778422000,fca560b,a98e290,user_4,healthcloud,2025-10-06
