created_at_ts,user_id,company_size,country,is_public_profile,ts,ds
1457876381000,user_1,3501+ employees,FR,True,1758319200000,2025-09-20
1637821964000,user_2,1-20 employees,US,True,1758319200000,2025-09-20
1594251670000,user_3,,JP,False,1758319200000,2025-09-20
1480448786000,user_4,1-20 employees,FR,False,1758319200000,2025-09-20
1336236702000,user_5,,IT,True,1758319200000,2025-09-20
1590288730000,user_6,,US,False,1758319200000,2025-09-20
1715175641000,user_7,1-20 employees,JP,True,1758319200000,2025-09-20
1679210225000,user_8,3501+ employees,IT,True,1758319200000,2025-09-20
1368913347000,user_9,501-3500 employees,IN,False,1758319200000,2025-09-20
1513371006000,user_10,1-20 employees,IN,False,1758319200000,2025-09-20
1613151056000,user_11,1-20 employees,DZ,False,1758319200000,2025-09-20
1465292215000,user_12,501-3500 employees,FR,False,1758319200000,2025-09-20
1456451866000,user_13,1-20 employees,IN,True,1758319200000,2025-09-20
1386050080000,user_14,1-20 employees,IN,False,1758319200000,2025-09-20
1734861896000,user_15,3501+ employees,FR,False,1758319200000,2025-09-20
1597907769000,user_16,3501+ employees,DZ,True,1758319200000,2025-09-20
1487089300000,user_17,1-20 employees,FR,False,1758319200000,2025-09-20
1292164926000,user_18,,IT,False,1758319200000,2025-09-20
1700666928000,user_19,501-3500 employees,DZ,True,1758319200000,2025-09-20
1631742332000,user_20,501-3500 employees,FR,True,1758319200000,2025-09-20
1414666086000,user_21,,US,True,1758319200000,2025-09-20
1612177774000,user_22,,JP,False,1758319200000,2025-09-20
1487523304000,user_23,,IN,True,1758319200000,2025-09-20
1304944663000,user_24,1-20 employees,US,False,1758319200000,2025-09-20
1360600558000,user_25,1-20 employees,JP,True,1758319200000,2025-09-20
1329620557000,user_26,501-3500 employees,JP,True,1758319200000,2025-09-20
1299926419000,user_27,501-3500 employees,US,False,1758319200000,2025-09-20
1388700500000,user_28,1-20 employees,DZ,True,1758319200000,2025-09-20
1737719817000,user_29,1-20 employees,JP,True,1758319200000,2025-09-20
1564061667000,user_30,501-3500 employees,IT,False,1758319200000,2025-09-20
1457876381000,user_1,3501+ employees,FR,True,1758405600000,2025-09-21
1637821964000,user_2,1-20 employees,US,True,1758405600000,2025-09-21
1594251670000,user_3,,JP,False,1758405600000,2025-09-21
1480448786000,user_4,1-20 employees,FR,False,1758405600000,2025-09-21
1336236702000,user_5,,IT,True,1758405600000,2025-09-21
1590288730000,user_6,,US,False,1758405600000,2025-09-21
1715175641000,user_7,1-20 employees,JP,True,1758405600000,2025-09-21
1679210225000,user_8,3501+ employees,IT,True,1758405600000,2025-09-21
1368913347000,user_9,501-3500 employees,IN,False,1758405600000,2025-09-21
1513371006000,user_10,1-20 employees,IN,False,1758405600000,2025-09-21
1613151056000,user_11,1-20 employees,DZ,False,1758405600000,2025-09-21
1465292215000,user_12,501-3500 employees,FR,False,1758405600000,2025-09-21
1456451866000,user_13,1-20 employees,IN,True,1758405600000,2025-09-21
1386050080000,user_14,1-20 employees,IN,False,1758405600000,2025-09-21
1734861896000,user_15,3501+ employees,FR,False,1758405600000,2025-09-21
1597907769000,user_16,3501+ employees,DZ,True,1758405600000,2025-09-21
1487089300000,user_17,1-20 employees,FR,False,1758405600000,2025-09-21
1292164926000,user_18,,IT,False,1758405600000,2025-09-21
1700666928000,user_19,501-3500 employees,DZ,True,1758405600000,2025-09-21
1631742332000,user_20,501-3500 employees,FR,True,1758405600000,2025-09-21
1414666086000,user_21,,US,True,1758405600000,2025-09-21
1612177774000,user_22,,JP,False,1758405600000,2025-09-21
1487523304000,user_23,,IN,True,1758405600000,2025-09-21
1304944663000,user_24,1-20 employees,US,False,1758405600000,2025-09-21
1360600558000,user_25,1-20 employees,JP,True,1758405600000,2025-09-21
1329620557000,user_26,501-3500 employees,JP,True,1758405600000,2025-09-21
1299926419000,user_27,501-3500 employees,US,False,1758405600000,2025-09-21
1388700500000,user_28,1-20 employees,DZ,True,1758405600000,2025-09-21
1737719817000,user_29,1-20 employees,JP,True,1758405600000,2025-09-21
1564061667000,user_30,501-3500 employees,IT,False,1758405600000,2025-09-21
1457876381000,user_1,3501+ employees,FR,True,1758492000000,2025-09-22
1637821964000,user_2,1-20 employees,US,True,1758492000000,2025-09-22
1594251670000,user_3,,JP,False,1758492000000,2025-09-22
1480448786000,user_4,1-20 employees,FR,False,1758492000000,2025-09-22
1336236702000,user_5,,IT,True,1758492000000,2025-09-22
1590288730000,user_6,,US,False,1758492000000,2025-09-22
1715175641000,user_7,1-20 employees,JP,True,1758492000000,2025-09-22
1679210225000,user_8,3501+ employees,IT,True,1758492000000,2025-09-22
1368913347000,user_9,501-3500 employees,IN,False,1758492000000,2025-09-22
1513371006000,user_10,1-20 employees,IN,False,1758492000000,2025-09-22
1613151056000,user_11,1-20 employees,DZ,False,1758492000000,2025-09-22
1465292215000,user_12,501-3500 employees,FR,False,1758492000000,2025-09-22
1456451866000,user_13,1-20 employees,IN,True,1758492000000,2025-09-22
1386050080000,user_14,1-20 employees,IN,False,1758492000000,2025-09-22
1734861896000,user_15,3501+ employees,FR,False,1758492000000,2025-09-22
1597907769000,user_16,3501+ employees,DZ,True,1758492000000,2025-09-22
1487089300000,user_17,1-20 employees,FR,False,1758492000000,2025-09-22
1292164926000,user_18,,IT,False,1758492000000,2025-09-22
1700666928000,user_19,501-3500 employees,DZ,True,1758492000000,2025-09-22
1631742332000,user_20,501-3500 employees,FR,True,1758492000000,2025-09-22
1414666086000,user_21,,US,True,1758492000000,2025-09-22
1612177774000,user_22,,JP,False,1758492000000,2025-09-22
1487523304000,user_23,,IN,True,1758492000000,2025-09-22
1304944663000,user_24,1-20 employees,US,False,1758492000000,2025-09-22
1360600558000,user_25,1-20 employees,JP,True,1758492000000,2025-09-22
1329620557000,user_26,501-3500 employees,JP,True,1758492000000,2025-09-22
1299926419000,user_27,501-3500 employees,US,False,1758492000000,2025-09-22
1388700500000,user_28,1-20 employees,DZ,True,1758492000000,2025-09-22
1737719817000,user_29,1-20 employees,JP,True,1758492000000,2025-09-22
1564061667000,user_30,501-3500 employees,IT,False,1758492000000,2025-09-22
1457876381000,user_1,3501+ employees,FR,True,1758578400000,2025-09-23
1637821964000,user_2,1-20 employees,US,True,1758578400000,2025-09-23
1594251670000,user_3,,JP,False,1758578400000,2025-09-23
1480448786000,user_4,1-20 employees,FR,False,1758578400000,2025-09-23
1336236702000,user_5,,IT,True,1758578400000,2025-09-23
1590288730000,user_6,,US,False,1758578400000,2025-09-23
1715175641000,user_7,1-20 employees,JP,True,1758578400000,2025-09-23
1679210225000,user_8,3501+ employees,IT,True,1758578400000,2025-09-23
1368913347000,user_9,501-3500 employees,IN,False,1758578400000,2025-09-23
1513371006000,user_10,1-20 employees,IN,False,1758578400000,2025-09-23
1613151056000,user_11,1-20 employees,DZ,False,1758578400000,2025-09-23
1465292215000,user_12,501-3500 employees,FR,False,1758578400000,2025-09-23
1456451866000,user_13,1-20 employees,IN,True,1758578400000,2025-09-23
1386050080000,user_14,1-20 employees,IN,False,1758578400000,2025-09-23
1734861896000,user_15,3501+ employees,FR,False,1758578400000,2025-09-23
1597907769000,user_16,3501+ employees,DZ,True,1758578400000,2025-09-23
1487089300000,user_17,1-20 employees,FR,False,1758578400000,2025-09-23
1292164926000,user_18,,IT,False,1758578400000,2025-09-23
1700666928000,user_19,501-3500 employees,DZ,True,1758578400000,2025-09-23
1631742332000,user_20,501-3500 employees,FR,True,1758578400000,2025-09-23
1414666086000,user_21,,US,True,1758578400000,2025-09-23
1612177774000,user_22,,JP,False,1758578400000,2025-09-23
1487523304000,user_23,,IN,True,1758578400000,2025-09-23
1304944663000,user_24,1-20 employees,US,False,1758578400000,2025-09-23
1360600558000,user_25,1-20 employees,JP,True,1758578400000,2025-09-23
1329620557000,user_26,501-3500 employees,JP,True,1758578400000,2025-09-23
1299926419000,user_27,501-3500 employees,US,False,1758578400000,2025-09-23
1388700500000,user_28,1-20 employees,DZ,True,1758578400000,2025-09-23
1737719817000,user_29,1-20 employees,JP,True,1758578400000,2025-09-23
1564061667000,user_30,501-3500 employees,IT,False,1758578400000,2025-09-23
1457876381000,user_1,3501+ employees,FR,True,1758664800000,2025-09-24
1637821964000,user_2,1-20 employees,US,True,1758664800000,2025-09-24
1594251670000,user_3,,JP,False,1758664800000,2025-09-24
1480448786000,user_4,1-20 employees,FR,False,1758664800000,2025-09-24
1336236702000,user_5,,IT,True,1758664800000,2025-09-24
1590288730000,user_6,,US,False,1758664800000,2025-09-24
1715175641000,user_7,1-20 employees,JP,True,1758664800000,2025-09-24
1679210225000,user_8,3501+ employees,IT,True,1758664800000,2025-09-24
1368913347000,user_9,501-3500 employees,IN,False,1758664800000,2025-09-24
1513371006000,user_10,1-20 employees,IN,False,1758664800000,2025-09-24
1613151056000,user_11,1-20 employees,DZ,False,1758664800000,2025-09-24
1465292215000,user_12,501-3500 employees,FR,False,1758664800000,2025-09-24
1456451866000,user_13,1-20 employees,IN,True,1758664800000,2025-09-24
1386050080000,user_14,1-20 employees,IN,False,1758664800000,2025-09-24
1734861896000,user_15,3501+ employees,FR,False,1758664800000,2025-09-24
1597907769000,user_16,3501+ employees,DZ,True,1758664800000,2025-09-24
1487089300000,user_17,1-20 employees,FR,False,1758664800000,2025-09-24
1292164926000,user_18,,IT,False,1758664800000,2025-09-24
1700666928000,user_19,501-3500 employees,DZ,True,1758664800000,2025-09-24
1631742332000,user_20,501-3500 employees,FR,True,1758664800000,2025-09-24
1414666086000,user_21,,US,True,1758664800000,2025-09-24
1612177774000,user_22,,JP,False,1758664800000,2025-09-24
1487523304000,user_23,,IN,True,1758664800000,2025-09-24
1304944663000,user_24,1-20 employees,US,False,1758664800000,2025-09-24
1360600558000,user_25,1-20 employees,JP,True,1758664800000,2025-09-24
1329620557000,user_26,501-3500 employees,JP,True,1758664800000,2025-09-24
1299926419000,user_27,501-3500 employees,US,False,1758664800000,2025-09-24
1388700500000,user_28,1-20 employees,DZ,True,1758664800000,2025-09-24
1737719817000,user_29,1-20 employees,JP,True,1758664800000,2025-09-24
1564061667000,user_30,501-3500 employees,IT,False,1758664800000,2025-09-24
1457876381000,user_1,3501+ employees,FR,True,1758751200000,2025-09-25
1637821964000,user_2,1-20 employees,US,True,1758751200000,2025-09-25
1594251670000,user_3,,JP,False,1758751200000,2025-09-25
1480448786000,user_4,1-20 employees,FR,False,1758751200000,2025-09-25
1336236702000,user_5,,IT,True,1758751200000,2025-09-25
1590288730000,user_6,,US,False,1758751200000,2025-09-25
1715175641000,user_7,1-20 employees,JP,True,1758751200000,2025-09-25
1679210225000,user_8,3501+ employees,IT,True,1758751200000,2025-09-25
1368913347000,user_9,501-3500 employees,IN,False,1758751200000,2025-09-25
1513371006000,user_10,1-20 employees,IN,False,1758751200000,2025-09-25
1613151056000,user_11,1-20 employees,DZ,False,1758751200000,2025-09-25
1465292215000,user_12,501-3500 employees,FR,False,1758751200000,2025-09-25
1456451866000,user_13,1-20 employees,IN,True,1758751200000,2025-09-25
1386050080000,user_14,1-20 employees,IN,False,1758751200000,2025-09-25
1734861896000,user_15,3501+ employees,FR,False,1758751200000,2025-09-25
1597907769000,user_16,3501+ employees,DZ,True,1758751200000,2025-09-25
1487089300000,user_17,1-20 employees,FR,False,1758751200000,2025-09-25
1292164926000,user_18,,IT,False,1758751200000,2025-09-25
1700666928000,user_19,501-3500 employees,DZ,True,1758751200000,2025-09-25
1631742332000,user_20,501-3500 employees,FR,True,1758751200000,2025-09-25
1414666086000,user_21,,US,True,1758751200000,2025-09-25
1612177774000,user_22,,JP,False,1758751200000,2025-09-25
1487523304000,user_23,,IN,True,1758751200000,2025-09-25
1304944663000,user_24,1-20 employees,US,False,1758751200000,2025-09-25
1360600558000,user_25,1-20 employees,JP,True,1758751200000,2025-09-25
1329620557000,user_26,501-3500 employees,JP,True,1758751200000,2025-09-25
1299926419000,user_27,501-3500 employees,US,False,1758751200000,2025-09-25
1388700500000,user_28,1-20 employees,DZ,True,1758751200000,2025-09-25
1737719817000,user_29,1-20 employees,JP,True,1758751200000,2025-09-25
1564061667000,user_30,501-3500 employees,IT,False,1758751200000,2025-09-25
1457876381000,user_1,3501+ employees,FR,True,1758837600000,2025-09-26
1637821964000,user_2,1-20 employees,US,True,1758837600000,2025-09-26
1594251670000,user_3,,JP,False,1758837600000,2025-09-26
1480448786000,user_4,1-20 employees,FR,False,1758837600000,2025-09-26
1336236702000,user_5,,IT,True,1758837600000,2025-09-26
1590288730000,user_6,,US,False,1758837600000,2025-09-26
1715175641000,user_7,1-20 employees,JP,True,1758837600000,2025-09-26
1679210225000,user_8,3501+ employees,IT,True,1758837600000,2025-09-26
1368913347000,user_9,501-3500 employees,IN,False,1758837600000,2025-09-26
1513371006000,user_10,1-20 employees,IN,False,1758837600000,2025-09-26
1613151056000,user_11,1-20 employees,DZ,False,1758837600000,2025-09-26
1465292215000,user_12,501-3500 employees,FR,False,1758837600000,2025-09-26
1456451866000,user_13,1-20 employees,IN,True,1758837600000,2025-09-26
1386050080000,user_14,1-20 employees,IN,False,1758837600000,2025-09-26
1734861896000,user_15,3501+ employees,FR,False,1758837600000,2025-09-26
1597907769000,user_16,3501+ employees,DZ,True,1758837600000,2025-09-26
1487089300000,user_17,1-20 employees,FR,False,1758837600000,2025-09-26
1292164926000,user_18,,IT,False,1758837600000,2025-09-26
1700666928000,user_19,501-3500 employees,DZ,True,1758837600000,2025-09-26
1631742332000,user_20,501-3500 employees,FR,True,1758837600000,2025-09-26
1414666086000,user_21,,US,True,1758837600000,2025-09-26
1612177774000,user_22,,JP,False,1758837600000,2025-09-26
1487523304000,user_23,,IN,True,1758837600000,2025-09-26
1304944663000,user_24,1-20 employees,US,False,1758837600000,2025-09-26
1360600558000,user_25,1-20 employees,JP,True,1758837600000,2025-09-26
1329620557000,user_26,501-3500 employees,JP,True,1758837600000,2025-09-26
1299926419000,user_27,501-3500 employees,US,False,1758837600000,2025-09-26
1388700500000,user_28,1-20 employees,DZ,True,1758837600000,2025-09-26
1737719817000,user_29,1-20 employees,JP,True,1758837600000,2025-09-26
1564061667000,user_30,501-3500 employees,IT,False,1758837600000,2025-09-26
1457876381000,user_1,3501+ employees,FR,True,1758924000000,2025-09-27
1637821964000,user_2,1-20 employees,US,True,1758924000000,2025-09-27
1594251670000,user_3,,JP,False,1758924000000,2025-09-27
1480448786000,user_4,1-20 employees,FR,False,1758924000000,2025-09-27
1336236702000,user_5,,IT,True,1758924000000,2025-09-27
1590288730000,user_6,,US,False,1758924000000,2025-09-27
1715175641000,user_7,1-20 employees,JP,True,1758924000000,2025-09-27
1679210225000,user_8,3501+ employees,IT,True,1758924000000,2025-09-27
1368913347000,user_9,501-3500 employees,IN,False,1758924000000,2025-09-27
1513371006000,user_10,1-20 employees,IN,False,1758924000000,2025-09-27
1613151056000,user_11,1-20 employees,DZ,False,1758924000000,2025-09-27
1465292215000,user_12,501-3500 employees,FR,False,1758924000000,2025-09-27
1456451866000,user_13,1-20 employees,IN,True,1758924000000,2025-09-27
1386050080000,user_14,1-20 employees,IN,False,1758924000000,2025-09-27
1734861896000,user_15,3501+ employees,FR,False,1758924000000,2025-09-27
1597907769000,user_16,3501+ employees,DZ,True,1758924000000,2025-09-27
1487089300000,user_17,1-20 employees,FR,False,1758924000000,2025-09-27
1292164926000,user_18,,IT,False,1758924000000,2025-09-27
1700666928000,user_19,501-3500 employees,DZ,True,1758924000000,2025-09-27
1631742332000,user_20,501-3500 employees,FR,True,1758924000000,2025-09-27
1414666086000,user_21,,US,True,1758924000000,2025-09-27
1612177774000,user_22,,JP,False,1758924000000,2025-09-27
1487523304000,user_23,,IN,True,1758924000000,2025-09-27
1304944663000,user_24,1-20 employees,US,False,1758924000000,2025-09-27
1360600558000,user_25,1-20 employees,JP,True,1758924000000,2025-09-27
1329620557000,user_26,501-3500 employees,JP,True,1758924000000,2025-09-27
1299926419000,user_27,501-3500 employees,US,False,1758924000000,2025-09-27
1388700500000,user_28,1-20 employees,DZ,True,1758924000000,2025-09-27
1737719817000,user_29,1-20 employees,JP,True,1758924000000,2025-09-27
1564061667000,user_30,501-3500 employees,IT,False,1758924000000,2025-09-27
1457876381000,user_1,3501+ employees,FR,True,1759010400000,2025-09-28
1637821964000,user_2,1-20 employees,US,True,1759010400000,2025-09-28
1594251670000,user_3,,JP,False,1759010400000,2025-09-28
1480448786000,user_4,1-20 employees,FR,False,1759010400000,2025-09-28
1336236702000,user_5,,IT,True,1759010400000,2025-09-28
1590288730000,user_6,,US,False,1759010400000,2025-09-28
1715175641000,user_7,1-20 employees,JP,True,1759010400000,2025-09-28
1679210225000,user_8,3501+ employees,IT,True,1759010400000,2025-09-28
1368913347000,user_9,501-3500 employees,IN,False,1759010400000,2025-09-28
1513371006000,user_10,1-20 employees,IN,False,1759010400000,2025-09-28
1613151056000,user_11,1-20 employees,DZ,False,1759010400000,2025-09-28
1465292215000,user_12,501-3500 employees,FR,False,1759010400000,2025-09-28
1456451866000,user_13,1-20 employees,IN,True,1759010400000,2025-09-28
1386050080000,user_14,1-20 employees,IN,False,1759010400000,2025-09-28
1734861896000,user_15,3501+ employees,FR,False,1759010400000,2025-09-28
1597907769000,user_16,3501+ employees,DZ,True,1759010400000,2025-09-28
1487089300000,user_17,1-20 employees,FR,False,1759010400000,2025-09-28
1292164926000,user_18,,IT,False,1759010400000,2025-09-28
1700666928000,user_19,501-3500 employees,DZ,True,1759010400000,2025-09-28
1631742332000,user_20,501-3500 employees,FR,True,1759010400000,2025-09-28
1414666086000,user_21,,US,True,1759010400000,2025-09-28
1612177774000,user_22,,JP,False,1759010400000,2025-09-28
1487523304000,user_23,,IN,True,1759010400000,2025-09-28
1304944663000,user_24,1-20 employees,US,False,1759010400000,2025-09-28
1360600558000,user_25,1-20 employees,JP,True,1759010400000,2025-09-28
1329620557000,user_26,501-3500 employees,JP,True,1759010400000,2025-09-28
1299926419000,user_27,501-3500 employees,US,False,1759010400000,2025-09-28
1388700500000,user_28,1-20 employees,DZ,True,1759010400000,2025-09-28
1737719817000,user_29,1-20 employees,JP,True,1759010400000,2025-09-28
1564061667000,user_30,501-3500 employees,IT,False,1759010400000,2025-09-28
1457876381000,user_1,3501+ employees,FR,True,1759096800000,2025-09-29
1637821964000,user_2,1-20 employees,US,True,1759096800000,2025-09-29
1594251670000,user_3,,JP,False,1759096800000,2025-09-29
1480448786000,user_4,1-20 employees,FR,False,1759096800000,2025-09-29
1336236702000,user_5,,IT,True,1759096800000,2025-09-29
1590288730000,user_6,,US,False,1759096800000,2025-09-29
1715175641000,user_7,1-20 employees,JP,True,1759096800000,2025-09-29
1679210225000,user_8,3501+ employees,IT,True,1759096800000,2025-09-29
1368913347000,user_9,501-3500 employees,IN,False,1759096800000,2025-09-29
1513371006000,user_10,1-20 employees,IN,False,1759096800000,2025-09-29
1613151056000,user_11,1-20 employees,DZ,False,1759096800000,2025-09-29
1465292215000,user_12,501-3500 employees,FR,False,1759096800000,2025-09-29
1456451866000,user_13,1-20 employees,IN,True,1759096800000,2025-09-29
1386050080000,user_14,1-20 employees,IN,False,1759096800000,2025-09-29
1734861896000,user_15,3501+ employees,FR,False,1759096800000,2025-09-29
1597907769000,user_16,3501+ employees,DZ,True,1759096800000,2025-09-29
1487089300000,user_17,1-20 employees,FR,False,1759096800000,2025-09-29
1292164926000,user_18,,IT,False,1759096800000,2025-09-29
1700666928000,user_19,501-3500 employees,DZ,True,1759096800000,2025-09-29
1631742332000,user_20,501-3500 employees,FR,True,1759096800000,2025-09-29
1414666086000,user_21,,US,True,1759096800000,2025-09-29
1612177774000,user_22,,JP,False,1759096800000,2025-09-29
1487523304000,user_23,,IN,True,1759096800000,2025-09-29
1304944663000,user_24,1-20 employees,US,False,1759096800000,2025-09-29
1360600558000,user_25,1-20 employees,JP,True,1759096800000,2025-09-29
1329620557000,user_26,501-3500 employees,JP,True,1759096800000,2025-09-29
1299926419000,user_27,501-3500 employees,US,False,1759096800000,2025-09-29
1388700500000,user_28,1-20 employees,DZ,True,1759096800000,2025-09-29
1737719817000,user_29,1-20 employees,JP,True,1759096800000,2025-09-29
1564061667000,user_30,501-3500 employees,IT,False,1759096800000,2025-09-29
1457876381000,user_1,3501+ employees,FR,True,1759183200000,2025-09-30
1637821964000,user_2,1-20 employees,US,True,1759183200000,2025-09-30
1594251670000,user_3,,JP,False,1759183200000,2025-09-30
1480448786000,user_4,1-20 employees,FR,False,1759183200000,2025-09-30
1336236702000,user_5,,IT,True,1759183200000,2025-09-30
1590288730000,user_6,,US,False,1759183200000,2025-09-30
1715175641000,user_7,1-20 employees,JP,True,1759183200000,2025-09-30
1679210225000,user_8,3501+ employees,IT,True,1759183200000,2025-09-30
1368913347000,user_9,501-3500 employees,IN,False,1759183200000,2025-09-30
1513371006000,user_10,1-20 employees,IN,False,1759183200000,2025-09-30
1613151056000,user_11,1-20 employees,DZ,False,1759183200000,2025-09-30
1465292215000,user_12,501-3500 employees,FR,False,1759183200000,2025-09-30
1456451866000,user_13,1-20 employees,IN,True,1759183200000,2025-09-30
1386050080000,user_14,1-20 employees,IN,False,1759183200000,2025-09-30
1734861896000,user_15,3501+ employees,FR,False,1759183200000,2025-09-30
1597907769000,user_16,3501+ employees,DZ,True,1759183200000,2025-09-30
1487089300000,user_17,1-20 employees,FR,False,1759183200000,2025-09-30
1292164926000,user_18,,IT,False,1759183200000,2025-09-30
1700666928000,user_19,501-3500 employees,DZ,True,1759183200000,2025-09-30
1631742332000,user_20,501-3500 employees,FR,True,1759183200000,2025-09-30
1414666086000,user_21,,US,True,1759183200000,2025-09-30
1612177774000,user_22,,JP,False,1759183200000,2025-09-30
1487523304000,user_23,,IN,True,1759183200000,2025-09-30
1304944663000,user_24,1-20 employees,US,False,1759183200000,2025-09-30
1360600558000,user_25,1-20 employees,JP,True,1759183200000,2025-09-30
1329620557000,user_26,501-3500 employees,JP,True,1759183200000,2025-09-30
1299926419000,user_27,501-3500 employees,US,False,1759183200000,2025-09-30
1388700500000,user_28,1-20 employees,DZ,True,1759183200000,2025-09-30
1737719817000,user_29,1-20 employees,JP,True,1759183200000,2025-09-30
1564061667000,user_30,501-3500 employees,IT,False,1759183200000,2025-09-30
1457876381000,user_1,3501+ employees,FR,True,1759269600000,2025-10-01
1637821964000,user_2,1-20 employees,US,True,1759269600000,2025-10-01
1594251670000,user_3,,JP,False,1759269600000,2025-10-01
1480448786000,user_4,1-20 employees,FR,False,1759269600000,2025-10-01
1336236702000,user_5,,IT,True,1759269600000,2025-10-01
1590288730000,user_6,,US,False,1759269600000,2025-10-01
1715175641000,user_7,1-20 employees,JP,True,1759269600000,2025-10-01
1679210225000,user_8,3501+ employees,IT,True,1759269600000,2025-10-01
1368913347000,user_9,501-3500 employees,IN,False,1759269600000,2025-10-01
1513371006000,user_10,1-20 employees,IN,False,1759269600000,2025-10-01
1613151056000,user_11,1-20 employees,DZ,False,1759269600000,2025-10-01
1465292215000,user_12,501-3500 employees,FR,False,1759269600000,2025-10-01
1456451866000,user_13,1-20 employees,IN,True,1759269600000,2025-10-01
1386050080000,user_14,1-20 employees,IN,False,1759269600000,2025-10-01
1734861896000,user_15,3501+ employees,FR,False,1759269600000,2025-10-01
1597907769000,user_16,3501+ employees,DZ,True,1759269600000,2025-10-01
1487089300000,user_17,1-20 employees,FR,False,1759269600000,2025-10-01
1292164926000,user_18,,IT,False,1759269600000,2025-10-01
1700666928000,user_19,501-3500 employees,DZ,True,1759269600000,2025-10-01
1631742332000,user_20,501-3500 employees,FR,True,1759269600000,2025-10-01
1414666086000,user_21,,US,True,1759269600000,2025-10-01
1612177774000,user_22,,JP,False,1759269600000,2025-10-01
1487523304000,user_23,,IN,True,1759269600000,2025-10-01
1304944663000,user_24,1-20 employees,US,False,1759269600000,2025-10-01
1360600558000,user_25,1-20 employees,JP,True,1759269600000,2025-10-01
1329620557000,user_26,501-3500 employees,JP,True,1759269600000,2025-10-01
1299926419000,user_27,501-3500 employees,US,False,1759269600000,2025-10-01
1388700500000,user_28,1-20 employees,DZ,True,1759269600000,2025-10-01
1737719817000,user_29,1-20 employees,JP,True,1759269600000,2025-10-01
1564061667000,user_30,501-3500 employees,IT,False,1759269600000,2025-10-01
1457876381000,user_1,3501+ employees,FR,True,1759356000000,2025-10-02
1637821964000,user_2,1-20 employees,US,True,1759356000000,2025-10-02
1594251670000,user_3,,JP,False,1759356000000,2025-10-02
1480448786000,user_4,1-20 employees,FR,False,1759356000000,2025-10-02
1336236702000,user_5,,IT,True,1759356000000,2025-10-02
1590288730000,user_6,,US,False,1759356000000,2025-10-02
1715175641000,user_7,1-20 employees,JP,True,1759356000000,2025-10-02
1679210225000,user_8,3501+ employees,IT,True,1759356000000,2025-10-02
1368913347000,user_9,501-3500 employees,IN,False,1759356000000,2025-10-02
1513371006000,user_10,1-20 employees,IN,False,1759356000000,2025-10-02
1613151056000,user_11,1-20 employees,DZ,False,1759356000000,2025-10-02
1465292215000,user_12,501-3500 employees,FR,False,1759356000000,2025-10-02
1456451866000,user_13,1-20 employees,IN,True,1759356000000,2025-10-02
1386050080000,user_14,1-20 employees,IN,False,1759356000000,2025-10-02
1734861896000,user_15,3501+ employees,FR,False,1759356000000,2025-10-02
1597907769000,user_16,3501+ employees,DZ,True,1759356000000,2025-10-02
1487089300000,user_17,1-20 employees,FR,False,1759356000000,2025-10-02
1292164926000,user_18,,IT,False,1759356000000,2025-10-02
1700666928000,user_19,501-3500 employees,DZ,True,1759356000000,2025-10-02
1631742332000,user_20,501-3500 employees,FR,True,1759356000000,2025-10-02
1414666086000,user_21,,US,True,1759356000000,2025-10-02
1612177774000,user_22,,JP,False,1759356000000,2025-10-02
1487523304000,user_23,,IN,True,1759356000000,2025-10-02
1304944663000,user_24,1-20 employees,US,False,1759356000000,2025-10-02
1360600558000,user_25,1-20 employees,JP,True,1759356000000,2025-10-02
1329620557000,user_26,501-3500 employees,JP,True,1759356000000,2025-10-02
1299926419000,user_27,501-3500 employees,US,False,1759356000000,2025-10-02
1388700500000,user_28,1-20 employees,DZ,True,1759356000000,2025-10-02
1737719817000,user_29,1-20 employees,JP,True,1759356000000,2025-10-02
1564061667000,user_30,501-3500 employees,IT,False,1759356000000,2025-10-02
1457876381000,user_1,3501+ employees,FR,True,1759442400000,2025-10-03
1637821964000,user_2,1-20 employees,US,True,1759442400000,2025-10-03
1594251670000,user_3,,JP,False,1759442400000,2025-10-03
1480448786000,user_4,1-20 employees,FR,False,1759442400000,2025-10-03
1336236702000,user_5,,IT,True,1759442400000,2025-10-03
1590288730000,user_6,,US,False,1759442400000,2025-10-03
1715175641000,user_7,1-20 employees,JP,True,1759442400000,2025-10-03
1679210225000,user_8,3501+ employees,IT,True,1759442400000,2025-10-03
1368913347000,user_9,501-3500 employees,IN,False,1759442400000,2025-10-03
1513371006000,user_10,1-20 employees,IN,False,1759442400000,2025-10-03
1613151056000,user_11,1-20 employees,DZ,False,1759442400000,2025-10-03
1465292215000,user_12,501-3500 employees,FR,False,1759442400000,2025-10-03
1456451866000,user_13,1-20 employees,IN,True,1759442400000,2025-10-03
1386050080000,user_14,1-20 employees,IN,False,1759442400000,2025-10-03
1734861896000,user_15,3501+ employees,FR,False,1759442400000,2025-10-03
1597907769000,user_16,3501+ employees,DZ,True,1759442400000,2025-10-03
1487089300000,user_17,1-20 employees,FR,False,1759442400000,2025-10-03
1292164926000,user_18,,IT,False,1759442400000,2025-10-03
1700666928000,user_19,501-3500 employees,DZ,True,1759442400000,2025-10-03
1631742332000,user_20,501-3500 employees,FR,True,1759442400000,2025-10-03
1414666086000,user_21,,US,True,1759442400000,2025-10-03
1612177774000,user_22,,JP,False,1759442400000,2025-10-03
1487523304000,user_23,,IN,True,1759442400000,2025-10-03
1304944663000,user_24,1-20 employees,US,False,1759442400000,2025-10-03
1360600558000,user_25,1-20 employees,JP,True,1759442400000,2025-10-03
1329620557000,user_26,501-3500 employees,JP,True,1759442400000,2025-10-03
1299926419000,user_27,501-3500 employees,US,False,1759442400000,2025-10-03
1388700500000,user_28,1-20 employees,DZ,True,1759442400000,2025-10-03
1737719817000,user_29,1-20 employees,JP,True,1759442400000,2025-10-03
1564061667000,user_30,501-3500 employees,IT,False,1759442400000,2025-10-03
1457876381000,user_1,3501+ employees,FR,True,1759528800000,2025-10-04
1637821964000,user_2,1-20 employees,US,True,1759528800000,2025-10-04
1594251670000,user_3,,JP,False,1759528800000,2025-10-04
1480448786000,user_4,1-20 employees,FR,False,1759528800000,2025-10-04
1336236702000,user_5,,IT,True,1759528800000,2025-10-04
1590288730000,user_6,,US,False,1759528800000,2025-10-04
1715175641000,user_7,1-20 employees,JP,True,1759528800000,2025-10-04
1679210225000,user_8,3501+ employees,IT,True,1759528800000,2025-10-04
1368913347000,user_9,501-3500 employees,IN,False,1759528800000,2025-10-04
1513371006000,user_10,1-20 employees,IN,False,1759528800000,2025-10-04
1613151056000,user_11,1-20 employees,DZ,False,1759528800000,2025-10-04
1465292215000,user_12,501-3500 employees,FR,False,1759528800000,2025-10-04
1456451866000,user_13,1-20 employees,IN,True,1759528800000,2025-10-04
1386050080000,user_14,1-20 employees,IN,False,1759528800000,2025-10-04
1734861896000,user_15,3501+ employees,FR,False,1759528800000,2025-10-04
1597907769000,user_16,3501+ employees,DZ,True,1759528800000,2025-10-04
1487089300000,user_17,1-20 employees,FR,False,1759528800000,2025-10-04
1292164926000,user_18,,IT,False,1759528800000,2025-10-04
1700666928000,user_19,501-3500 employees,DZ,True,1759528800000,2025-10-04
1631742332000,user_20,501-3500 employees,FR,True,1759528800000,2025-10-04
1414666086000,user_21,,US,True,1759528800000,2025-10-04
1612177774000,user_22,,JP,False,1759528800000,2025-10-04
1487523304000,user_23,,IN,True,1759528800000,2025-10-04
1304944663000,user_24,1-20 employees,US,False,1759528800000,2025-10-04
1360600558000,user_25,1-20 employees,JP,True,1759528800000,2025-10-04
1329620557000,user_26,501-3500 employees,JP,True,1759528800000,2025-10-04
1299926419000,user_27,501-3500 employees,US,False,1759528800000,2025-10-04
1388700500000,user_28,1-20 employees,DZ,True,1759528800000,2025-10-04
1737719817000,user_29,1-20 employees,JP,True,1759528800000,2025-10-04
1564061667000,user_30,501-3500 employees,IT,False,1759528800000,2025-10-04
1457876381000,user_1,3501+ employees,FR,True,1759615200000,2025-10-05
1637821964000,user_2,1-20 employees,US,True,1759615200000,2025-10-05
1594251670000,user_3,,JP,False,1759615200000,2025-10-05
1480448786000,user_4,1-20 employees,FR,False,1759615200000,2025-10-05
1336236702000,user_5,,IT,True,1759615200000,2025-10-05
1590288730000,user_6,,US,False,1759615200000,2025-10-05
1715175641000,user_7,1-20 employees,JP,True,1759615200000,2025-10-05
1679210225000,user_8,3501+ employees,IT,True,1759615200000,2025-10-05
1368913347000,user_9,501-3500 employees,IN,False,1759615200000,2025-10-05
1513371006000,user_10,1-20 employees,IN,False,1759615200000,2025-10-05
1613151056000,user_11,1-20 employees,DZ,False,1759615200000,2025-10-05
1465292215000,user_12,501-3500 employees,FR,False,1759615200000,2025-10-05
1456451866000,user_13,1-20 employees,IN,True,1759615200000,2025-10-05
1386050080000,user_14,1-20 employees,IN,False,1759615200000,2025-10-05
1734861896000,user_15,3501+ employees,FR,False,1759615200000,2025-10-05
1597907769000,user_16,3501+ employees,DZ,True,1759615200000,2025-10-05
1487089300000,user_17,1-20 employees,FR,False,1759615200000,2025-10-05
1292164926000,user_18,,IT,False,1759615200000,2025-10-05
1700666928000,user_19,501-3500 employees,DZ,True,1759615200000,2025-10-05
1631742332000,user_20,501-3500 employees,FR,True,1759615200000,2025-10-05
1414666086000,user_21,,US,True,1759615200000,2025-10-05
1612177774000,user_22,,JP,False,1759615200000,2025-10-05
1487523304000,user_23,,IN,True,1759615200000,2025-10-05
1304944663000,user_24,1-20 employees,US,False,1759615200000,2025-10-05
1360600558000,user_25,1-20 employees,JP,True,1759615200000,2025-10-05
1329620557000,user_26,501-3500 employees,JP,True,1759615200000,2025-10-05
1299926419000,user_27,501-3500 employees,US,False,1759615200000,2025-10-05
1388700500000,user_28,1-20 employees,DZ,True,1759615200000,2025-10-05
1737719817000,user_29,1-20 employees,JP,True,1759615200000,2025-10-05
1564061667000,user_30,501-3500 employees,IT,False,1759615200000,2025-10-05
1457876381000,user_1,3501+ employees,FR,True,1759701600000,2025-10-06
1637821964000,user_2,1-20 employees,US,True,1759701600000,2025-10-06
1594251670000,user_3,,JP,False,1759701600000,2025-10-06
1480448786000,user_4,1-20 employees,FR,False,1759701600000,2025-10-06
1336236702000,user_5,,IT,True,1759701600000,2025-10-06
1590288730000,user_6,,US,False,1759701600000,2025-10-06
1715175641000,user_7,1-20 employees,JP,True,1759701600000,2025-10-06
1679210225000,user_8,3501+ employees,IT,True,1759701600000,2025-10-06
1368913347000,user_9,501-3500 employees,IN,False,1759701600000,2025-10-06
1513371006000,user_10,1-20 employees,IN,False,1759701600000,2025-10-06
1613151056000,user_11,1-20 employees,DZ,False,1759701600000,2025-10-06
1465292215000,user_12,501-3500 employees,FR,False,1759701600000,2025-10-06
1456451866000,user_13,1-20 employees,IN,True,1759701600000,2025-10-06
1386050080000,user_14,1-20 employees,IN,False,1759701600000,2025-10-06
1734861896000,user_15,3501+ employees,FR,False,1759701600000,2025-10-06
1597907769000,user_16,3501+ employees,DZ,True,1759701600000,2025-10-06
1487089300000,user_17,1-20 employees,FR,False,1759701600000,2025-10-06
1292164926000,user_18,,IT,False,1759701600000,2025-10-06
1700666928000,user_19,501-3500 employees,DZ,True,1759701600000,2025-10-06
1631742332000,user_20,501-3500 employees,FR,True,1759701600000,2025-10-06
1414666086000,user_21,,US,True,1759701600000,2025-10-06
1612177774000,user_22,,JP,False,1759701600000,2025-10-06
1487523304000,user_23,,IN,True,1759701600000,2025-10-06
1304944663000,user_24,1-20 employees,US,False,1759701600000,2025-10-06
1360600558000,user_25,1-20 employees,JP,True,1759701600000,2025-10-06
1329620557000,user_26,501-3500 employees,JP,True,1759701600000,2025-10-06
1299926419000,user_27,501-3500 employees,US,False,1759701600000,2025-10-06
1388700500000,user_28,1-20 employees,DZ,True,1759701600000,2025-10-06
1737719817000,user_29,1-20 employees,JP,True,1759701600000,2025-10-06
1564061667000,user_30,501-3500 employees,IT,False,1759701600000,2025-10-06
1457876381000,user_1,3501+ employees,FR,True,1759788000000,2025-10-07
1637821964000,user_2,1-20 employees,US,True,1759788000000,2025-10-07
1594251670000,user_3,,JP,False,1759788000000,2025-10-07
1480448786000,user_4,1-20 employees,FR,False,1759788000000,2025-10-07
1336236702000,user_5,,IT,True,1759788000000,2025-10-07
1590288730000,user_6,,US,False,1759788000000,2025-10-07
1715175641000,user_7,1-20 employees,JP,True,1759788000000,2025-10-07
1679210225000,user_8,3501+ employees,IT,True,1759788000000,2025-10-07
1368913347000,user_9,501-3500 employees,IN,False,1759788000000,2025-10-07
1513371006000,user_10,1-20 employees,IN,False,1759788000000,2025-10-07
1613151056000,user_11,1-20 employees,DZ,False,1759788000000,2025-10-07
1465292215000,user_12,501-3500 employees,FR,False,1759788000000,2025-10-07
1456451866000,user_13,1-20 employees,IN,True,1759788000000,2025-10-07
1386050080000,user_14,1-20 employees,IN,False,1759788000000,2025-10-07
1734861896000,user_15,3501+ employees,FR,False,1759788000000,2025-10-07
1597907769000,user_16,3501+ employees,DZ,True,1759788000000,2025-10-07
1487089300000,user_17,1-20 employees,FR,False,1759788000000,2025-10-07
1292164926000,user_18,,IT,False,1759788000000,2025-10-07
1700666928000,user_19,501-3500 employees,DZ,True,1759788000000,2025-10-07
1631742332000,user_20,501-3500 employees,FR,True,1759788000000,2025-10-07
1414666086000,user_21,,US,True,1759788000000,2025-10-07
1612177774000,user_22,,JP,False,1759788000000,2025-10-07
1487523304000,user_23,,IN,True,1759788000000,2025-10-07
1304944663000,user_24,1-20 employees,US,False,1759788000000,2025-10-07
1360600558000,user_25,1-20 employees,JP,True,1759788000000,2025-10-07
1329620557000,user_26,501-3500 employees,JP,True,1759788000000,2025-10-07
1299926419000,user_27,501-3500 employees,US,False,1759788000000,2025-10-07
1388700500000,user_28,1-20 employees,DZ,True,1759788000000,2025-10-07
1737719817000,user_29,1-20 employees,JP,True,1759788000000,2025-10-07
1564061667000,user_30,501-3500 employees,IT,False,1759788000000,2025-10-07
1457876381000,user_1,3501+ employees,FR,True,1759874400000,2025-10-08
1637821964000,user_2,1-20 employees,US,True,1759874400000,2025-10-08
1594251670000,user_3,,JP,False,1759874400000,2025-10-08
1480448786000,user_4,1-20 employees,FR,False,1759874400000,2025-10-08
1336236702000,user_5,,IT,True,1759874400000,2025-10-08
1590288730000,user_6,,US,False,1759874400000,2025-10-08
1715175641000,user_7,1-20 employees,JP,True,1759874400000,2025-10-08
1679210225000,user_8,3501+ employees,IT,True,1759874400000,2025-10-08
1368913347000,user_9,501-3500 employees,IN,False,1759874400000,2025-10-08
1513371006000,user_10,1-20 employees,IN,False,1759874400000,2025-10-08
1613151056000,user_11,1-20 employees,DZ,False,1759874400000,2025-10-08
1465292215000,user_12,501-3500 employees,FR,False,1759874400000,2025-10-08
1456451866000,user_13,1-20 employees,IN,True,1759874400000,2025-10-08
1386050080000,user_14,1-20 employees,IN,False,1759874400000,2025-10-08
1734861896000,user_15,3501+ employees,FR,False,1759874400000,2025-10-08
1597907769000,user_16,3501+ employees,DZ,True,1759874400000,2025-10-08
1487089300000,user_17,1-20 employees,FR,False,1759874400000,2025-10-08
1292164926000,user_18,,IT,False,1759874400000,2025-10-08
1700666928000,user_19,501-3500 employees,DZ,True,1759874400000,2025-10-08
1631742332000,user_20,501-3500 employees,FR,True,1759874400000,2025-10-08
1414666086000,user_21,,US,True,1759874400000,2025-10-08
1612177774000,user_22,,JP,False,1759874400000,2025-10-08
1487523304000,user_23,,IN,True,1759874400000,2025-10-08
1304944663000,user_24,1-20 employees,US,False,1759874400000,2025-10-08
1360600558000,user_25,1-20 employees,JP,True,1759874400000,2025-10-08
1329620557000,user_26,501-3500 employees,JP,True,1759874400000,2025-10-08
1299926419000,user_27,501-3500 employees,US,False,1759874400000,2025-10-08
1388700500000,user_28,1-20 employees,DZ,True,1759874400000,2025-10-08
1737719817000,user_29,1-20 employees,JP,True,1759874400000,2025-10-08
1564061667000,user_30,501-3500 employees,IT,False,1759874400000,2025-10-08
1457876381000,user_1,3501+ employees,FR,True,1759960800000,2025-10-09
1637821964000,user_2,1-20 employees,US,True,1759960800000,2025-10-09
1594251670000,user_3,,JP,False,1759960800000,2025-10-09
1480448786000,user_4,1-20 employees,FR,False,1759960800000,2025-10-09
1336236702000,user_5,,IT,True,1759960800000,2025-10-09
1590288730000,user_6,,US,False,1759960800000,2025-10-09
1715175641000,user_7,1-20 employees,JP,True,1759960800000,2025-10-09
1679210225000,user_8,3501+ employees,IT,True,1759960800000,2025-10-09
1368913347000,user_9,501-3500 employees,IN,False,1759960800000,2025-10-09
1513371006000,user_10,1-20 employees,IN,False,1759960800000,2025-10-09
1613151056000,user_11,1-20 employees,DZ,False,1759960800000,2025-10-09
1465292215000,user_12,501-3500 employees,FR,False,1759960800000,2025-10-09
1456451866000,user_13,1-20 employees,IN,True,1759960800000,2025-10-09
1386050080000,user_14,1-20 employees,IN,False,1759960800000,2025-10-09
1734861896000,user_15,3501+ employees,FR,False,1759960800000,2025-10-09
1597907769000,user_16,3501+ employees,DZ,True,1759960800000,2025-10-09
1487089300000,user_17,1-20 employees,FR,False,1759960800000,2025-10-09
1292164926000,user_18,,IT,False,1759960800000,2025-10-09
1700666928000,user_19,501-3500 employees,DZ,True,1759960800000,2025-10-09
1631742332000,user_20,501-3500 employees,FR,True,1759960800000,2025-10-09
1414666086000,user_21,,US,True,1759960800000,2025-10-09
1612177774000,user_22,,JP,False,1759960800000,2025-10-09
1487523304000,user_23,,IN,True,1759960800000,2025-10-09
1304944663000,user_24,1-20 employees,US,False,1759960800000,2025-10-09
1360600558000,user_25,1-20 employees,JP,True,1759960800000,2025-10-09
1329620557000,user_26,501-3500 employees,JP,True,1759960800000,2025-10-09
1299926419000,user_27,501-3500 employees,US,False,1759960800000,2025-10-09
1388700500000,user_28,1-20 employees,DZ,True,1759960800000,2025-10-09
1737719817000,user_29,1-20 employees,JP,True,1759960800000,2025-10-09
1564061667000,user_30,501-3500 employees,IT,False,1759960800000,2025-10-09
1457876381000,user_1,3501+ employees,FR,True,1760047200000,2025-10-10
1637821964000,user_2,1-20 employees,US,True,1760047200000,2025-10-10
1594251670000,user_3,,JP,False,1760047200000,2025-10-10
1480448786000,user_4,1-20 employees,FR,False,1760047200000,2025-10-10
1336236702000,user_5,,IT,True,1760047200000,2025-10-10
1590288730000,user_6,,US,False,1760047200000,2025-10-10
1715175641000,user_7,1-20 employees,JP,True,1760047200000,2025-10-10
1679210225000,user_8,3501+ employees,IT,True,1760047200000,2025-10-10
1368913347000,user_9,501-3500 employees,IN,False,1760047200000,2025-10-10
1513371006000,user_10,1-20 employees,IN,False,1760047200000,2025-10-10
1613151056000,user_11,1-20 employees,DZ,False,1760047200000,2025-10-10
1465292215000,user_12,501-3500 employees,FR,False,1760047200000,2025-10-10
1456451866000,user_13,1-20 employees,IN,True,1760047200000,2025-10-10
1386050080000,user_14,1-20 employees,IN,False,1760047200000,2025-10-10
1734861896000,user_15,3501+ employees,FR,False,1760047200000,2025-10-10
1597907769000,user_16,3501+ employees,DZ,True,1760047200000,2025-10-10
1487089300000,user_17,1-20 employees,FR,False,1760047200000,2025-10-10
1292164926000,user_18,,IT,False,1760047200000,2025-10-10
1700666928000,user_19,501-3500 employees,DZ,True,1760047200000,2025-10-10
1631742332000,user_20,501-3500 employees,FR,True,1760047200000,2025-10-10
1414666086000,user_21,,US,True,1760047200000,2025-10-10
1612177774000,user_22,,JP,False,1760047200000,2025-10-10
1487523304000,user_23,,IN,True,1760047200000,2025-10-10
1304944663000,user_24,1-20 employees,US,False,1760047200000,2025-10-10
1360600558000,user_25,1-20 employees,JP,True,1760047200000,2025-10-10
1329620557000,user_26,501-3500 employees,JP,True,1760047200000,2025-10-10
1299926419000,user_27,501-3500 employees,US,False,1760047200000,2025-10-10
1388700500000,user_28,1-20 employees,DZ,True,1760047200000,2025-10-10
1737719817000,user_29,1-20 employees,JP,True,1760047200000,2025-10-10
1564061667000,user_30,501-3500 employees,IT,False,1760047200000,2025-10-10
1457876381000,user_1,3501+ employees,FR,True,1760133600000,2025-10-11
1637821964000,user_2,1-20 employees,US,True,1760133600000,2025-10-11
1594251670000,user_3,,JP,False,1760133600000,2025-10-11
1480448786000,user_4,1-20 employees,FR,False,1760133600000,2025-10-11
1336236702000,user_5,,IT,True,1760133600000,2025-10-11
1590288730000,user_6,,US,False,1760133600000,2025-10-11
1715175641000,user_7,1-20 employees,JP,True,1760133600000,2025-10-11
1679210225000,user_8,3501+ employees,IT,True,1760133600000,2025-10-11
1368913347000,user_9,501-3500 employees,IN,False,1760133600000,2025-10-11
1513371006000,user_10,1-20 employees,IN,False,1760133600000,2025-10-11
1613151056000,user_11,1-20 employees,DZ,False,1760133600000,2025-10-11
1465292215000,user_12,501-3500 employees,FR,False,1760133600000,2025-10-11
1456451866000,user_13,1-20 employees,IN,True,1760133600000,2025-10-11
1386050080000,user_14,1-20 employees,IN,False,1760133600000,2025-10-11
1734861896000,user_15,3501+ employees,FR,False,1760133600000,2025-10-11
1597907769000,user_16,3501+ employees,DZ,True,1760133600000,2025-10-11
1487089300000,user_17,1-20 employees,FR,False,1760133600000,2025-10-11
1292164926000,user_18,,IT,False,1760133600000,2025-10-11
1700666928000,user_19,501-3500 employees,DZ,True,1760133600000,2025-10-11
1631742332000,user_20,501-3500 employees,FR,True,1760133600000,2025-10-11
1414666086000,user_21,,US,True,1760133600000,2025-10-11
1612177774000,user_22,,JP,False,1760133600000,2025-10-11
1487523304000,user_23,,IN,True,1760133600000,2025-10-11
1304944663000,user_24,1-20 employees,US,False,1760133600000,2025-10-11
1360600558000,user_25,1-20 employees,JP,True,1760133600000,2025-10-11
1329620557000,user_26,501-3500 employees,JP,True,1760133600000,2025-10-11
1299926419000,user_27,501-3500 employees,US,False,1760133600000,2025-10-11
1388700500000,user_28,1-20 employees,DZ,True,1760133600000,2025-10-11
1737719817000,user_29,1-20 employees,JP,True,1760133600000,2025-10-11
1564061667000,user_30,501-3500 employees,IT,False,1760133600000,2025-10-11
1457876381000,user_1,3501+ employees,FR,True,1760220000000,2025-10-12
1637821964000,user_2,1-20 employees,US,True,1760220000000,2025-10-12
1594251670000,user_3,,JP,False,1760220000000,2025-10-12
1480448786000,user_4,1-20 employees,FR,False,1760220000000,2025-10-12
1336236702000,user_5,,IT,True,1760220000000,2025-10-12
1590288730000,user_6,,US,False,1760220000000,2025-10-12
1715175641000,user_7,1-20 employees,JP,True,1760220000000,2025-10-12
1679210225000,user_8,3501+ employees,IT,True,1760220000000,2025-10-12
1368913347000,user_9,501-3500 employees,IN,False,1760220000000,2025-10-12
1513371006000,user_10,1-20 employees,IN,False,1760220000000,2025-10-12
1613151056000,user_11,1-20 employees,DZ,False,1760220000000,2025-10-12
1465292215000,user_12,501-3500 employees,FR,False,1760220000000,2025-10-12
1456451866000,user_13,1-20 employees,IN,True,1760220000000,2025-10-12
1386050080000,user_14,1-20 employees,IN,False,1760220000000,2025-10-12
1734861896000,user_15,3501+ employees,FR,False,1760220000000,2025-10-12
1597907769000,user_16,3501+ employees,DZ,True,1760220000000,2025-10-12
1487089300000,user_17,1-20 employees,FR,False,1760220000000,2025-10-12
1292164926000,user_18,,IT,False,1760220000000,2025-10-12
1700666928000,user_19,501-3500 employees,DZ,True,1760220000000,2025-10-12
1631742332000,user_20,501-3500 employees,FR,True,1760220000000,2025-10-12
1414666086000,user_21,,US,True,1760220000000,2025-10-12
1612177774000,user_22,,JP,False,1760220000000,2025-10-12
1487523304000,user_23,,IN,True,1760220000000,2025-10-12
1304944663000,user_24,1-20 employees,US,False,1760220000000,2025-10-12
1360600558000,user_25,1-20 employees,JP,True,1760220000000,2025-10-12
1329620557000,user_26,501-3500 employees,JP,True,1760220000000,2025-10-12
1299926419000,user_27,501-3500 employees,US,False,1760220000000,2025-10-12
1388700500000,user_28,1-20 employees,DZ,True,1760220000000,2025-10-12
1737719817000,user_29,1-20 employees,JP,True,1760220000000,2025-10-12
1564061667000,user_30,501-3500 employees,IT,False,1760220000000,2025-10-12
1457876381000,user_1,3501+ employees,FR,True,1760306400000,2025-10-13
1637821964000,user_2,1-20 employees,US,True,1760306400000,2025-10-13
1594251670000,user_3,,JP,False,1760306400000,2025-10-13
1480448786000,user_4,1-20 employees,FR,False,1760306400000,2025-10-13
1336236702000,user_5,,IT,True,1760306400000,2025-10-13
1590288730000,user_6,,US,False,1760306400000,2025-10-13
1715175641000,user_7,1-20 employees,JP,True,1760306400000,2025-10-13
1679210225000,user_8,3501+ employees,IT,True,1760306400000,2025-10-13
1368913347000,user_9,501-3500 employees,IN,False,1760306400000,2025-10-13
1513371006000,user_10,1-20 employees,IN,False,1760306400000,2025-10-13
1613151056000,user_11,1-20 employees,DZ,False,1760306400000,2025-10-13
1465292215000,user_12,501-3500 employees,FR,False,1760306400000,2025-10-13
1456451866000,user_13,1-20 employees,IN,True,1760306400000,2025-10-13
1386050080000,user_14,1-20 employees,IN,False,1760306400000,2025-10-13
1734861896000,user_15,3501+ employees,FR,False,1760306400000,2025-10-13
1597907769000,user_16,3501+ employees,DZ,True,1760306400000,2025-10-13
1487089300000,user_17,1-20 employees,FR,False,1760306400000,2025-10-13
1292164926000,user_18,,IT,False,1760306400000,2025-10-13
1700666928000,user_19,501-3500 employees,DZ,True,1760306400000,2025-10-13
1631742332000,user_20,501-3500 employees,FR,True,1760306400000,2025-10-13
1414666086000,user_21,,US,True,1760306400000,2025-10-13
1612177774000,user_22,,JP,False,1760306400000,2025-10-13
1487523304000,user_23,,IN,True,1760306400000,2025-10-13
1304944663000,user_24,1-20 employees,US,False,1760306400000,2025-10-13
1360600558000,user_25,1-20 employees,JP,True,1760306400000,2025-10-13
1329620557000,user_26,501-3500 employees,JP,True,1760306400000,2025-10-13
1299926419000,user_27,501-3500 employees,US,False,1760306400000,2025-10-13
1388700500000,user_28,1-20 employees,DZ,True,1760306400000,2025-10-13
1737719817000,user_29,1-20 employees,JP,True,1760306400000,2025-10-13
1564061667000,user_30,501-3500 employees,IT,False,1760306400000,2025-10-13
1457876381000,user_1,3501+ employees,FR,True,1760392800000,2025-10-14
1637821964000,user_2,1-20 employees,US,True,1760392800000,2025-10-14
1594251670000,user_3,,JP,False,1760392800000,2025-10-14
1480448786000,user_4,1-20 employees,FR,False,1760392800000,2025-10-14
1336236702000,user_5,,IT,True,1760392800000,2025-10-14
1590288730000,user_6,,US,False,1760392800000,2025-10-14
1715175641000,user_7,1-20 employees,JP,True,1760392800000,2025-10-14
1679210225000,user_8,3501+ employees,IT,True,1760392800000,2025-10-14
1368913347000,user_9,501-3500 employees,IN,False,1760392800000,2025-10-14
1513371006000,user_10,1-20 employees,IN,False,1760392800000,2025-10-14
1613151056000,user_11,1-20 employees,DZ,False,1760392800000,2025-10-14
1465292215000,user_12,501-3500 employees,FR,False,1760392800000,2025-10-14
1456451866000,user_13,1-20 employees,IN,True,1760392800000,2025-10-14
1386050080000,user_14,1-20 employees,IN,False,1760392800000,2025-10-14
1734861896000,user_15,3501+ employees,FR,False,1760392800000,2025-10-14
1597907769000,user_16,3501+ employees,DZ,True,1760392800000,2025-10-14
1487089300000,user_17,1-20 employees,FR,False,1760392800000,2025-10-14
1292164926000,user_18,,IT,False,1760392800000,2025-10-14
1700666928000,user_19,501-3500 employees,DZ,True,1760392800000,2025-10-14
1631742332000,user_20,501-3500 employees,FR,True,1760392800000,2025-10-14
1414666086000,user_21,,US,True,1760392800000,2025-10-14
1612177774000,user_22,,JP,False,1760392800000,2025-10-14
1487523304000,user_23,,IN,True,1760392800000,2025-10-14
1304944663000,user_24,1-20 employees,US,False,1760392800000,2025-10-14
1360600558000,user_25,1-20 employees,JP,True,1760392800000,2025-10-14
1329620557000,user_26,501-3500 employees,JP,True,1760392800000,2025-10-14
1299926419000,user_27,501-3500 employees,US,False,1760392800000,2025-10-14
1388700500000,user_28,1-20 employees,DZ,True,1760392800000,2025-10-14
1737719817000,user_29,1-20 employees,JP,True,1760392800000,2025-10-14
1564061667000,user_30,501-3500 employees,IT,False,1760392800000,2025-10-14
1457876381000,user_1,3501+ employees,FR,True,1760479200000,2025-10-15
1637821964000,user_2,1-20 employees,US,True,1760479200000,2025-10-15
1594251670000,user_3,,JP,False,1760479200000,2025-10-15
1480448786000,user_4,1-20 employees,FR,False,1760479200000,2025-10-15
1336236702000,user_5,,IT,True,1760479200000,2025-10-15
1590288730000,user_6,,US,False,1760479200000,2025-10-15
1715175641000,user_7,1-20 employees,JP,True,1760479200000,2025-10-15
1679210225000,user_8,3501+ employees,IT,True,1760479200000,2025-10-15
1368913347000,user_9,501-3500 employees,IN,False,1760479200000,2025-10-15
1513371006000,user_10,1-20 employees,IN,False,1760479200000,2025-10-15
1613151056000,user_11,1-20 employees,DZ,False,1760479200000,2025-10-15
1465292215000,user_12,501-3500 employees,FR,False,1760479200000,2025-10-15
1456451866000,user_13,1-20 employees,IN,True,1760479200000,2025-10-15
1386050080000,user_14,1-20 employees,IN,False,1760479200000,2025-10-15
1734861896000,user_15,3501+ employees,FR,False,1760479200000,2025-10-15
1597907769000,user_16,3501+ employees,DZ,True,1760479200000,2025-10-15
1487089300000,user_17,1-20 employees,FR,False,1760479200000,2025-10-15
1292164926000,user_18,,IT,False,1760479200000,2025-10-15
1700666928000,user_19,501-3500 employees,DZ,True,1760479200000,2025-10-15
1631742332000,user_20,501-3500 employees,FR,True,1760479200000,2025-10-15
1414666086000,user_21,,US,True,1760479200000,2025-10-15
1612177774000,user_22,,JP,False,1760479200000,2025-10-15
1487523304000,user_23,,IN,True,1760479200000,2025-10-15
1304944663000,user_24,1-20 employees,US,False,1760479200000,2025-10-15
1360600558000,user_25,1-20 employees,JP,True,1760479200000,2025-10-15
1329620557000,user_26,501-3500 employees,JP,True,1760479200000,2025-10-15
1299926419000,user_27,501-3500 employees,US,False,1760479200000,2025-10-15
1388700500000,user_28,1-20 employees,DZ,True,1760479200000,2025-10-15
1737719817000,user_29,1-20 employees,JP,True,1760479200000,2025-10-15
1564061667000,user_30,501-3500 employees,IT,False,1760479200000,2025-10-15
1457876381000,user_1,3501+ employees,FR,True,1760565600000,2025-10-16
1637821964000,user_2,1-20 employees,US,True,1760565600000,2025-10-16
1594251670000,user_3,,JP,False,1760565600000,2025-10-16
1480448786000,user_4,1-20 employees,FR,False,1760565600000,2025-10-16
1336236702000,user_5,,IT,True,1760565600000,2025-10-16
1590288730000,user_6,,US,False,1760565600000,2025-10-16
1715175641000,user_7,1-20 employees,JP,True,1760565600000,2025-10-16
1679210225000,user_8,3501+ employees,IT,True,1760565600000,2025-10-16
1368913347000,user_9,501-3500 employees,IN,False,1760565600000,2025-10-16
1513371006000,user_10,1-20 employees,IN,False,1760565600000,2025-10-16
1613151056000,user_11,1-20 employees,DZ,False,1760565600000,2025-10-16
1465292215000,user_12,501-3500 employees,FR,False,1760565600000,2025-10-16
1456451866000,user_13,1-20 employees,IN,True,1760565600000,2025-10-16
1386050080000,user_14,1-20 employees,IN,False,1760565600000,2025-10-16
1734861896000,user_15,3501+ employees,FR,False,1760565600000,2025-10-16
1597907769000,user_16,3501+ employees,DZ,True,1760565600000,2025-10-16
1487089300000,user_17,1-20 employees,FR,False,1760565600000,2025-10-16
1292164926000,user_18,,IT,False,1760565600000,2025-10-16
1700666928000,user_19,501-3500 employees,DZ,True,1760565600000,2025-10-16
1631742332000,user_20,501-3500 employees,FR,True,1760565600000,2025-10-16
1414666086000,user_21,,US,True,1760565600000,2025-10-16
1612177774000,user_22,,JP,False,1760565600000,2025-10-16
1487523304000,user_23,,IN,True,1760565600000,2025-10-16
1304944663000,user_24,1-20 employees,US,False,1760565600000,2025-10-16
1360600558000,user_25,1-20 employees,JP,True,1760565600000,2025-10-16
1329620557000,user_26,501-3500 employees,JP,True,1760565600000,2025-10-16
1299926419000,user_27,501-3500 employees,US,False,1760565600000,2025-10-16
1388700500000,user_28,1-20 employees,DZ,True,1760565600000,2025-10-16
1737719817000,user_29,1-20 employees,JP,True,1760565600000,2025-10-16
1564061667000,user_30,501-3500 employees,IT,False,1760565600000,2025-10-16
1457876381000,user_1,3501+ employees,FR,True,1760652000000,2025-10-17
1637821964000,user_2,1-20 employees,US,True,1760652000000,2025-10-17
1594251670000,user_3,,JP,False,1760652000000,2025-10-17
1480448786000,user_4,1-20 employees,FR,False,1760652000000,2025-10-17
1336236702000,user_5,,IT,True,1760652000000,2025-10-17
1590288730000,user_6,,US,False,1760652000000,2025-10-17
1715175641000,user_7,1-20 employees,JP,True,1760652000000,2025-10-17
1679210225000,user_8,3501+ employees,IT,True,1760652000000,2025-10-17
1368913347000,user_9,501-3500 employees,IN,False,1760652000000,2025-10-17
1513371006000,user_10,1-20 employees,IN,False,1760652000000,2025-10-17
1613151056000,user_11,1-20 employees,DZ,False,1760652000000,2025-10-17
1465292215000,user_12,501-3500 employees,FR,False,1760652000000,2025-10-17
1456451866000,user_13,1-20 employees,IN,True,1760652000000,2025-10-17
1386050080000,user_14,1-20 employees,IN,False,1760652000000,2025-10-17
1734861896000,user_15,3501+ employees,FR,False,1760652000000,2025-10-17
1597907769000,user_16,3501+ employees,DZ,True,1760652000000,2025-10-17
1487089300000,user_17,1-20 employees,FR,False,1760652000000,2025-10-17
1292164926000,user_18,,IT,False,1760652000000,2025-10-17
1700666928000,user_19,501-3500 employees,DZ,True,1760652000000,2025-10-17
1631742332000,user_20,501-3500 employees,FR,True,1760652000000,2025-10-17
1414666086000,user_21,,US,True,1760652000000,2025-10-17
1612177774000,user_22,,JP,False,1760652000000,2025-10-17
1487523304000,user_23,,IN,True,1760652000000,2025-10-17
1304944663000,user_24,1-20 employees,US,False,1760652000000,2025-10-17
1360600558000,user_25,1-20 employees,JP,True,1760652000000,2025-10-17
1329620557000,user_26,501-3500 employees,JP,True,1760652000000,2025-10-17
1299926419000,user_27,501-3500 employees,US,False,1760652000000,2025-10-17
1388700500000,user_28,1-20 employees,DZ,True,1760652000000,2025-10-17
1737719817000,user_29,1-20 employees,JP,True,1760652000000,2025-10-17
1564061667000,user_30,501-3500 employees,IT,False,1760652000000,2025-10-17
1457876381000,user_1,3501+ employees,FR,True,1760738400000,2025-10-18
1637821964000,user_2,1-20 employees,US,True,1760738400000,2025-10-18
1594251670000,user_3,,JP,False,1760738400000,2025-10-18
1480448786000,user_4,1-20 employees,FR,False,1760738400000,2025-10-18
1336236702000,user_5,,IT,True,1760738400000,2025-10-18
1590288730000,user_6,,US,False,1760738400000,2025-10-18
1715175641000,user_7,1-20 employees,JP,True,1760738400000,2025-10-18
1679210225000,user_8,3501+ employees,IT,True,1760738400000,2025-10-18
1368913347000,user_9,501-3500 employees,IN,False,1760738400000,2025-10-18
1513371006000,user_10,1-20 employees,IN,False,1760738400000,2025-10-18
1613151056000,user_11,1-20 employees,DZ,False,1760738400000,2025-10-18
1465292215000,user_12,501-3500 employees,FR,False,1760738400000,2025-10-18
1456451866000,user_13,1-20 employees,IN,True,1760738400000,2025-10-18
1386050080000,user_14,1-20 employees,IN,False,1760738400000,2025-10-18
1734861896000,user_15,3501+ employees,FR,False,1760738400000,2025-10-18
1597907769000,user_16,3501+ employees,DZ,True,1760738400000,2025-10-18
1487089300000,user_17,1-20 employees,FR,False,1760738400000,2025-10-18
1292164926000,user_18,,IT,False,1760738400000,2025-10-18
1700666928000,user_19,501-3500 employees,DZ,True,1760738400000,2025-10-18
1631742332000,user_20,501-3500 employees,FR,True,1760738400000,2025-10-18
1414666086000,user_21,,US,True,1760738400000,2025-10-18
1612177774000,user_22,,JP,False,1760738400000,2025-10-18
1487523304000,user_23,,IN,True,1760738400000,2025-10-18
1304944663000,user_24,1-20 employees,US,False,1760738400000,2025-10-18
1360600558000,user_25,1-20 employees,JP,True,1760738400000,2025-10-18
1329620557000,user_26,501-3500 employees,JP,True,1760738400000,2025-10-18
1299926419000,user_27,501-3500 employees,US,False,1760738400000,2025-10-18
1388700500000,user_28,1-20 employees,DZ,True,1760738400000,2025-10-18
1737719817000,user_29,1-20 employees,JP,True,1760738400000,2025-10-18
1564061667000,user_30,501-3500 employees,IT,False,1760738400000,2025-10-18
1457876381000,user_1,3501+ employees,FR,True,1760824800000,2025-10-19
1637821964000,user_2,1-20 employees,US,True,1760824800000,2025-10-19
1594251670000,user_3,,JP,False,1760824800000,2025-10-19
1480448786000,user_4,1-20 employees,FR,False,1760824800000,2025-10-19
1336236702000,user_5,,IT,True,1760824800000,2025-10-19
1590288730000,user_6,,US,False,1760824800000,2025-10-19
1715175641000,user_7,1-20 employees,JP,True,1760824800000,2025-10-19
1679210225000,user_8,3501+ employees,IT,True,1760824800000,2025-10-19
1368913347000,user_9,501-3500 employees,IN,False,1760824800000,2025-10-19
1513371006000,user_10,1-20 employees,IN,False,1760824800000,2025-10-19
1613151056000,user_11,1-20 employees,DZ,False,1760824800000,2025-10-19
1465292215000,user_12,501-3500 employees,FR,False,1760824800000,2025-10-19
1456451866000,user_13,1-20 employees,IN,True,1760824800000,2025-10-19
1386050080000,user_14,1-20 employees,IN,False,1760824800000,2025-10-19
1734861896000,user_15,3501+ employees,FR,False,1760824800000,2025-10-19
1597907769000,user_16,3501+ employees,DZ,True,1760824800000,2025-10-19
1487089300000,user_17,1-20 employees,FR,False,1760824800000,2025-10-19
1292164926000,user_18,,IT,False,1760824800000,2025-10-19
1700666928000,user_19,501-3500 employees,DZ,True,1760824800000,2025-10-19
1631742332000,user_20,501-3500 employees,FR,True,1760824800000,2025-10-19
1414666086000,user_21,,US,True,1760824800000,2025-10-19
1612177774000,user_22,,JP,False,1760824800000,2025-10-19
1487523304000,user_23,,IN,True,1760824800000,2025-10-19
1304944663000,user_24,1-20 employees,US,False,1760824800000,2025-10-19
1360600558000,user_25,1-20 employees,JP,True,1760824800000,2025-10-19
1329620557000,user_26,501-3500 employees,JP,True,1760824800000,2025-10-19
1299926419000,user_27,501-3500 employees,US,False,1760824800000,2025-10-19
1388700500000,user_28,1-20 employees,DZ,True,1760824800000,2025-10-19
1737719817000,user_29,1-20 employees,JP,True,1760824800000,2025-10-19
1564061667000,user_30,501-3500 employees,IT,False,1760824800000,2025-10-19
1457876381000,user_1,3501+ employees,FR,True,1760911200000,2025-10-20
1637821964000,user_2,1-20 employees,US,True,1760911200000,2025-10-20
1594251670000,user_3,,JP,False,1760911200000,2025-10-20
1480448786000,user_4,1-20 employees,FR,False,1760911200000,2025-10-20
1336236702000,user_5,,IT,True,1760911200000,2025-10-20
1590288730000,user_6,,US,False,1760911200000,2025-10-20
1715175641000,user_7,1-20 employees,JP,True,1760911200000,2025-10-20
1679210225000,user_8,3501+ employees,IT,True,1760911200000,2025-10-20
1368913347000,user_9,501-3500 employees,IN,False,1760911200000,2025-10-20
1513371006000,user_10,1-20 employees,IN,False,1760911200000,2025-10-20
1613151056000,user_11,1-20 employees,DZ,False,1760911200000,2025-10-20
1465292215000,user_12,501-3500 employees,FR,False,1760911200000,2025-10-20
1456451866000,user_13,1-20 employees,IN,True,1760911200000,2025-10-20
1386050080000,user_14,1-20 employees,IN,False,1760911200000,2025-10-20
1734861896000,user_15,3501+ employees,FR,False,1760911200000,2025-10-20
1597907769000,user_16,3501+ employees,DZ,True,1760911200000,2025-10-20
1487089300000,user_17,1-20 employees,FR,False,1760911200000,2025-10-20
1292164926000,user_18,,IT,False,1760911200000,2025-10-20
1700666928000,user_19,501-3500 employees,DZ,True,1760911200000,2025-10-20
1631742332000,user_20,501-3500 employees,FR,True,1760911200000,2025-10-20
1414666086000,user_21,,US,True,1760911200000,2025-10-20
1612177774000,user_22,,JP,False,1760911200000,2025-10-20
1487523304000,user_23,,IN,True,1760911200000,2025-10-20
1304944663000,user_24,1-20 employees,US,False,1760911200000,2025-10-20
1360600558000,user_25,1-20 employees,JP,True,1760911200000,2025-10-20
1329620557000,user_26,501-3500 employees,JP,True,1760911200000,2025-10-20
1299926419000,user_27,501-3500 employees,US,False,1760911200000,2025-10-20
1388700500000,user_28,1-20 employees,DZ,True,1760911200000,2025-10-20
1737719817000,user_29,1-20 employees,JP,True,1760911200000,2025-10-20
1564061667000,user_30,501-3500 employees,IT,False,1760911200000,2025-10-20
